guid,nrs,received_bytes,sent_bytes,chassistype,vendor,model,ram,os,number_of_cores
fbd46745310e434cbeaddfb9f2f4d864,1333306.0,148963373495.0,198692684265.0,Notebook,HP,HP ZBook Power G7 Mobile Workstation,16.0,Win10,6
fc00420d9cf9483e8f5adc9cf84d76b5,474328.0,549953995800.0,2132566704170.0,Notebook,Acer,Aspire E5-576,8.0,Win10,4
fcef8a63951f42ddbd9857338c8a149b,3042765.0,502089514205.0,980034334530.0,Notebook,Lenovo,Lenovo Legion Y7000P2020H,16.0,Win11,8
fd53969a917a49eabca1b0c5f3466835,5274229.0,13264442365.0,20102781475.0,Desktop,Gigabyte,Default string,16.0,Win10,6
fd82aaf7576e4b83836f746a8d9299ce,745994.0,368345126745.0,547788344255.0,Desktop,Unknown,Other,32.0,Win10,8
fddd9f436c904c899a3e8377bce23f5a,6494625.0,575254855795.0,1306368743610.0,Desktop,Unknown,Other,32.0,Win10,4
fe1f4df006e54c04b1ba691200054a2e,411532.0,24782633670.0,26787847195.0,Notebook,Other,Default string,8.0,Win10,2
fe8843de9bfd415095664f20abd035e9,2002878.0,38494234470.0,683000347660.0,Desktop,Asus,Other,32.0,Win10,12
fe98a5825abe45b5a00cfa0ccce14d0d,4909540.0,1213269986575.0,15847626243005.0,Desktop,Unknown,Other,32.0,Win10,8
fec2f03921164ec5b2d4f4f11674a407,11463006.0,63935774900.0,78917719165.0,Intel NUC/STK,Intel,NUC7i3BNK,8.0,Win10,2
ff112c9035b84e8fa10e778c96807163,5258640.0,2782302464695.0,2829889900565.0,Desktop,Unknown,Other,16.0,Win10,6
ff3003979be448eeb680deafe2ea1ce9,842296.0,476880360435.0,1021401715505.0,Desktop,Unknown,Other,16.0,Win10,6
ff5eb152b43d4e79952d0f39c5495714,3746282.0,37777995575.0,42544799120.0,Desktop,Dell,OptiPlex 7070,16.0,Win11,8
ff7074e103b74deca112c1834e91a719,1454524.0,59229534720.0,116949237620.0,2 in 1,Lenovo,ThinkPad X1 Carbon 6th,16.0,Win10,4
ff83476dac5445a3a42581febd216f0e,5025630.0,173527761750.0,28844514477105.0,Desktop,Asus,System Product Name,32.0,Win10,6
ff952c64508c462884b8170cee1bcc49,5090782.0,115315995465.0,501033672355.0,Desktop,Unknown,Other,8.0,Win10,2
ffb38a2785684e50887e69d3f19d1b29,5179493.0,335890500215.0,543424923635.0,Desktop,Dell,OptiPlex 3010,6.0,Win10,4
005006ae2a61431f9e67aac120602321,261146.0,6243023465.0,32619993345.0,Notebook,NEC,Other,4.0,Win10,2
00885e1cd05c442cb13251c59606a7b3,22970.0,246626710.0,914736875.0,Desktop,Other,Default string,8.0,Win10,4
0100693a45484c07ba749b5d1c47be20,5908658.0,80518899965.0,127933781985.0,Other,Other,"VMware7,1",8.0,Win10,18
0190043387fc426c8472bc211e7ddb1a,2570482.0,808214212065.0,34941895650700.0,Desktop,Other,To Be Filled By O.E.M.,8.0,Win10,4
01a90ec965d74cd09e9b4590dddbb6e2,3054308.0,315042807310.0,1555584349680.0,Desktop,HP,HP EliteDesk 800 G3 TWR,32.0,Win10,4
022da6a971d34199af01f1d862b50d0e,132416.0,92049429595.0,210681756945.0,Desktop,Gigabyte,Z170X-Gaming 3,16.0,Win10,4
028d7cbdb4904d06a6c9365c00a72a2c,1036069.0,96793081675.0,809761355655.0,2 in 1,Lenovo,Lenovo YOGA 900-13ISK,8.0,Win10,2
02974c41b4e4412dbace4fe544e2ac45,11667160.0,58561758780.0,1145956767470.0,Desktop,Unknown,Other,16.0,Win10,4
032581fc6a3943c497d96fe9326557d0,5046942.0,69191314345.0,849000601175.0,Server/WS,Dell,PowerEdge T130,16.0,Win10,4
032cdaaa2c924b19b6f22728cca77546,10246968.0,358978632515.0,373175876805.0,Intel NUC/STK,Intel,NUC8i5BEH,16.0,Win10,4
035acaea7e754d3fb68361786bfc959e,1002620.0,184967402640.0,346193813150.0,Notebook,Lenovo,Lenovo IdeaPad S145-15IGM,4.0,Win10,4
03cc25bbcf8442629890cfdcc25afe41,549044.0,45813495435.0,92788554725.0,Notebook,Acer,Aspire A315-53,8.0,Win10,2
03ebf575392f4d32a359f43576c57c19,3172747.0,303373065455.0,649417197925.0,Desktop,HP,HP EliteDesk 800 G5 SFF,16.0,Win10,8
04d761624f084b03a0895697b3046c85,3657039.0,42876434595.0,10975477941780.0,Desktop,HP,HP EliteDesk 800 G2 SFF,16.0,Win11,4
05de1c2b5fad44f8a9d084e0db8906ba,55736.0,764292030.0,799597350.0,Notebook,Asus,N552VW,12.0,Win10,4
06335c284aec44a4bbbd523aedb17db6,5300961.0,1870735625830.0,4677198151875.0,Desktop,HP,Other,16.0,Win10,6
066e64f716614ec68c2b06fa4d90ac77,266212.0,369607510840.0,435275879945.0,Desktop,Unknown,To Be Filled By O.E.M.,16.0,Win10,4
06763b23101e4c1696a05dc9ba5914b2,12989072.0,59773651820.0,67425413715.0,Notebook,HP,HP EliteBook 840 G2,8.0,Win10,2
068d5464c32b42538ef26eba8af905a2,15777024.0,15812477160.0,44757269880.0,Desktop,Fujitsu,PRIMERGY TX1310 M1,8.0,Win Server,4
06b42d1324a9476197a2e28d60d7a716,4825238.0,555072137180.0,4308769992210.0,Desktop,Unknown,To Be Filled By O.E.M.,8.0,Win10,6
06d1ae3d17aa4e1185ed4506b28c99ed,1686576.0,461128958825.0,1010727023015.0,2 in 1,Microsoft Corporation,Surface Pro 3,8.0,Win10,2
06e998dcbc8649edabab88e67c8c064c,1134586.0,607891783535.0,624046885695.0,Desktop,Other,Other,8.0,Win10,2
072b08e9daed4f27a79ca214636deb00,2316942.0,2677049271905.0,2993745670885.0,Desktop,Unknown,Unknown,32.0,Win10,6
074b7a66f4aa45528933730034a7a10e,351258.0,32321401555.0,71770049485.0,2 in 1,Microsoft Corporation,Surface Book 3,32.0,Win11,4
0766e2a754724ee98a4d9e6783be8feb,382153.0,87771546270.0,304443485870.0,Notebook,Dell,Dell System XPS L702X,16.0,Win10,4
0830f95dae35429fb8b351fd049b7296,3220699.0,1031222116665.0,1522669765940.0,Notebook,MSI,GL72 6QD,24.0,Win10,4
0883ef72a56e4940a5a0e2902ed83d78,117394.0,50422348255.0,78824248885.0,Desktop,Unknown,Other,16.0,Win10,6
0899d561ec944f2db0532916f9ff6ba1,1493600.0,632758663280.0,17836061476255.0,Desktop,MSI,MS-7A12,64.0,Win Server,4
08d57647ddd8455786e3cd37427da130,472468.0,47079416575.0,93642135985.0,Desktop,HP,HP ProDesk 400 G5 MT,8.0,Win10,6
08ee3a9344c848879222e9b9826c7881,331136.0,401663278050.0,435732105470.0,Notebook,HP,HP Pavilion Laptop 15-eg0xxx,8.0,Win11,4
091394f142be4cc18dc916a78a0d6beb,7753800.0,2467070962080.0,5241852528215.0,Desktop,Unknown,Other,16.0,Win10,8
0920fb3d69b149a78a618f2b89c2540a,17547398.0,4713795547280.0,6153903853075.0,Notebook,Dell,Inspiron 7559,32.0,Win11,4
0939dd41433746038a1cec82684dffa4,8121727.0,1237734308395.0,3410263103720.0,Desktop,Asus,Other,16.0,Win11,6
094536a6e73e46ebacff1dd37fafce91,43899.0,2527533495.0,3481576230.0,Notebook,Dell,Vostro 15 5501,16.0,Win10,4
09719670527f477aa807ea923ec79363,2474100.0,2277915594825.0,2782283982615.0,Desktop,HP,HP Pavilion All-in-One 27-xa0xxx,12.0,Win10,4
09802c99c37d41f6826c938fd8eecc54,2971570.0,358702516415.0,3468722256340.0,2 in 1,HP,HP Spectre x360 Convertible 13-ae0xx,16.0,Win11,4
09d71405531b4c35a6ad87f12a893721,4077655.0,503562154190.0,644770288550.0,Notebook,Asus,TUF GAMING FX504GE_FX80GE,16.0,Win10,4
0a3534245ffa437facf3ac27b37e57c1,509884.0,43857918790.0,168420615910.0,Notebook,Panasonic Corporation,Other,16.0,Win10,2
0a77f777a7f34e32a1b368ba152ea759,4861396.0,3129980407110.0,30413941473110.0,Desktop,Unknown,To Be Filled By O.E.M.,32.0,Win10,6
0abab76543634de4ac16778c501010bd,4856223.0,517562901985.0,1229555628465.0,Desktop,HP,750-124,16.0,Win10,4
0afe526c1b654c05b65ca8474147f4a1,5603068.0,2136250017785.0,2270137173830.0,Notebook,Lenovo,ThinkPad T450,8.0,Win10,2
0b8eae01113f4035bf73df7a8ec43a75,154040.0,7385424205.0,32828727220.0,Notebook,Acer,Aspire ES1-572,4.0,Win10,2
0bb2ee76aea54b85bb34f76c117735e4,162114.0,45773366570.0,46230127230.0,Notebook,Medion,Other,16.0,Win11,4
0bd69cc7007f4750ad485ec1b1e1ec65,1786735.0,270454111140.0,283757529510.0,Desktop,Lenovo,ideacentre A340-24IWL,8.0,Win10,4
0c3587f7ef49430f9b3a2716fc52e96d,3270302.0,234950110935.0,247350537415.0,Intel NUC/STK,Intel,NUC10i3FNK,8.0,Win11,2
0c827110d4354e049a0a7eb12ed878af,9258768.0,26504113990.0,115328623405.0,Other,Other,Unknown,6.0,Win10,n/a
0c8ad1fd6f5f455c84f5eae451caac2d,11375661.0,430087643400.0,609670051825.0,Notebook,MSI,GS70 2OD,12.0,Win10,4
0cc6290e70934e41b88c99484d5d5b96,420202.0,70708420995.0,195685705060.0,Notebook,Acer,Aspire A315-56,8.0,Win10,2
0d34f7b479804df086f85e20bc171441,170448.0,38478509125.0,62341751665.0,Notebook,HP,HP EliteBook 850 G8 Notebook PC,16.0,Win11,4
0e5f1ad9d8c644e0ae9d1838994c1cc9,2006268.0,46175600690.0,58912562010.0,Desktop,Dell,OptiPlex 3050,4.0,Win10,2
0eb0d1d0fff0449e85fa1a825ecb91da,414190.0,3015528395.0,8926440020.0,Notebook,Samsung,300E4C/300E5C/300E7C,8.0,Win10,2
0ec99adc16eb46c3ba1e2b0210f29d95,837228.0,18157643885.0,1397226680175.0,Desktop,MSI,MS-7D20,16.0,Win11,4
0eed0a0d7c09423fa48226e6f296dd33,10682034.0,720654814265.0,801542243930.0,Notebook,Asus,G752VSK,64.0,Win10,4
0f01caaf2946446d8c98bfc960579721,11103864.0,260336297985.0,803493091555.0,Desktop,Dell,Inspiron 620,6.0,Win10,4
0f9b4d6a0d564dbba5509e39a7bbb992,1312497.0,3304126060.0,12553005585.0,Desktop,Unknown,Other,64.0,Win11,8
0fafc8fa1f724c78b4d02a4fe17c89f8,486480.0,127570171435.0,128406436305.0,Notebook,Fujitsu,Other,16.0,Win10,4
0fcbadda7d2f4953bc96f61fa57e9611,3482140.0,102074030710.0,128474894415.0,Desktop,Asus,System Product Name,16.0,Win11,n/a
10341eb82d544119a2f9fcc95e98276a,2747054.0,421844421195.0,3023392082420.0,2 in 1,Lenovo,ThinkPad L13 Yoga,16.0,Win10,4
108725c160c84ae0b238d481a26f0898,2227572.0,480830483505.0,658920677265.0,Desktop,Gigabyte,To be filled by O.E.M.,16.0,Win10,4
118f19e9199b4e67a85cc18deadc6032,5764384.0,2426593121650.0,3103759572075.0,Desktop,Unknown,Unknown,32.0,Win10,2
11bae432422c4cc583afb067ce8c2c1c,2246822.0,1241651246325.0,1823988772680.0,Intel NUC/STK,Intel,NUC8i7BEH,16.0,Win11,4
11bf797b23bf494b8b37af5e62269e6a,10513868.0,2941185234720.0,5104837665785.0,Server/WS,Fujitsu,Other,256.0,Win Server,8
121bf51aeafe459c8616a162a7a6a7c6,1141392.0,15772422800.0,144744136840.0,Desktop,Other,Other,16.0,Win10,8
1341002873a048108927673b1f08875b,956520.0,329793199505.0,2011927711640.0,Notebook,Lenovo,ThinkPad T540p,8.0,Win10,2
13fb7fff6b56490288a0d95d9e83dcd2,118968.0,50388149245.0,56722450705.0,2 in 1,HP,HP Pavilion x360 Convertible 14-cd0xxx,8.0,Win10,2
14d0cfe0810e45c18c73c50bb97245b4,1361390.0,764134642200.0,1433580080655.0,Desktop,Unknown,To Be Filled By O.E.M.,8.0,Win10,4
150cbc9b312d446ab5e13050b71408de,5835180.0,135741365510.0,227549908645.0,Desktop,HP,HP ProDesk 400 G3 SFF,8.0,Win10,4
154275dd80fb4e71a7e4c6e0e49bd8b0,11063084.0,110344836617000.0,114196988504700.0,Desktop,Asus,System Product Name,128.0,Win11,10
15c7b0e03e8549e99ef24ba780e6ebc0,3204619.0,3242717139190.0,4929157451610.0,Desktop,Dell,OptiPlex 7010,8.0,Win10,4
162ee253509c4138a55d69b56a41c5df,637362.0,37710755525.0,176553579085.0,Notebook,Intel,LAPQC71B,32.0,Win10,6
16504b6c7e1e412196f410e1c5f2c804,6704213.0,52528860950.0,68684548900.0,Desktop,Lenovo,ThinkCentre M900z,16.0,Win10,4
16c18f838a17400193b2d5d7275e9b22,56742.0,2179827315.0,6110985810.0,Desktop,Dell,Precision T1650,16.0,Win10,4
1890ce17faa642dfb934c2fa7b7b3083,2446831.0,339076670395.0,777714874540.0,Notebook,Lenovo,Lenovo ThinkBook 15-IIL,8.0,Win11,2
18a682e92549464fad34d9a98936d7ca,6081670.0,108459777825.0,121301178100.0,Intel NUC/STK,Intel,NUC8i7BEH,8.0,Win10,4
1911ab0f6fa949deaca3cab00b0f8601,1579504.0,85805532035.0,202970766115.0,Desktop,Asus,System Version,8.0,Win10,4
19abf043bb314a0b87fb99f1d17fd151,2729024.0,727924802495.0,1029609892175.0,Desktop,Other,System Version,16.0,Win10,6
19b2eb46c1f54a2581b69e51bb67d06b,2289124.0,573598675390.0,2150557928080.0,Notebook,Asus,ROG Strix G531GV_G531GV,32.0,Win11,6
1ab3583bf12b4c8f87ca36bfa6d49673,1388514.0,1352892493310.0,1774252943085.0,Notebook,Acer,Aspire A715-72G,8.0,Win10,4
1adb5be45b854a3d9de8ddda5a6a8eff,236802.0,58239332575.0,113792259345.0,Notebook,Dell,Dell System XPS L321X,4.0,Win10,2
1c01d4eead9549548ec2ad2d9923aa3e,389582.0,68134811435.0,629415152015.0,Desktop,HP,HP EliteDesk 800 G2 SFF,16.0,Win10,4
1c3991791f1c42fc9eb1063586b27990,4062615.0,935848211370.0,1110317445785.0,Notebook,Lenovo,Lenovo Y520-15IKBN,16.0,Win10,4
1c5d36f732d04462b85044dcfcf06d18,9570376.0,85406054714130.0,95089083594325.0,Desktop,Samsung,P500A2D,16.0,Win10,2
1d56f9b8ad4a4ab48b7fbabab020b336,1670086.0,32344940515.0,100494933280.0,Intel NUC/STK,Intel,NUC7CJYHN,8.0,Win10,2
1da92b1cc68f42af959b44c175b73976,597126.0,281481268465.0,398043722705.0,Notebook,Dell,XPS 13 9370,16.0,Win11,4
1dc307515647409a8bf198dde5995b0b,569446.0,728482547785.0,1491507030950.0,Desktop,Unknown,To Be Filled By O.E.M.,16.0,Win11,6
1e478cb3d3fb416ab83e88e65748e3f1,359580.0,107881654645.0,132828871620.0,Notebook,Asus,N56VZ,8.0,Win10,4
1e4c621e7fad432d9434abba7a2caa66,1087784.0,237029087580.0,2541787252685.0,Desktop,Gigabyte,Other,16.0,Win10,n/a
1e6127f4da0a4150b0a75e998f029578,1265274.0,131310559895.0,163634676905.0,Desktop,Unknown,Other,16.0,Win10,4
1eb40f2f39934297af2a87bbd891c7d4,765434.0,447855086595.0,460568353855.0,Desktop,HP,HP Pavilion Gaming Desktop 690-05xx,16.0,Win11,6
1ef3c3ab6e054625980e2ec372dabef5,3773914.0,80093732675.0,104841975890.0,Notebook,Toshiba,QOSMIO X870,16.0,Win10,4
1ef42bb71a7c47d1a8c3fafb4ecec096,883821.0,5566530635.0,7611749655.0,Server/WS,Supermicro,Super Server,64.0,Win Server,10
1f340b0200104381adc6463ee51ddb23,6510033.0,120229314720.0,130944990065.0,Desktop,HP,HP EliteOne 800 G3 23.8-in Non-Touch AiO,8.0,Win10,4
1f4dedd028764aeeabd8a639dd892ed8,11662870.0,691062432955.0,2982659673965.0,Desktop,Unknown,Unknown,32.0,Win10,4
204977716eb845c0ac961364cb75e048,2932888.0,357497542355.0,498065921865.0,Notebook,Asus,TUF Gaming FX505GE,16.0,Win10,6
207b9226749142b6b58306254cc7e969,800271.0,316997902670.0,341463342865.0,Desktop,Unknown,Other,32.0,Win11,8
2097c0487b21455589ed94a10a6d7980,4000370.0,1815210405995.0,1826584399435.0,Desktop,MSI,MS-7C73,32.0,Win10,10
20a4078651ba445d8272652445144994,3637250.0,8306691229945.0,30687116307260.0,Desktop,Asus,System Product Name,16.0,Win10,8
2120cd8d80b44d8aaa580cf7b9c01962,10664522.0,142999512510.0,252640321760.0,Desktop,Gigabyte,X299 AORUS Gaming 9,64.0,Win10,18
21238ab3e71f41a5991824d0f269fc48,4802230.0,100927975780.0,701755648770.0,Intel NUC/STK,Intel,NUC8i7BEH,32.0,Win11,4
21b0e910dd3642d5aa6110b3ce65bbc0,995812.0,284031857520.0,480387820740.0,Desktop,Wortmann_AG,Other,16.0,Win10,6
21c4d84f095f47eeaebbb5306a903883,1771476.0,213718301680.0,230999440880.0,Desktop,Biostar,Other,4.0,Win10,n/a
21f0798cd4004748a6463302e227e0a7,292054.0,85020069655.0,108838653120.0,Desktop,MSI,MS-7C82,16.0,Win11,6
22072a836b2c4e88b52e2b30521085e3,5647534.0,205132763555.0,423508945090.0,2 in 1,Dell,XPS 13 7390 2-in-1,32.0,Win10,4
22af1ae45b1e43c98c0496764eafe9fa,662379.0,378959518345.0,4313513092805.0,Desktop,Asus,System Product Name,64.0,Win10,16
22f475ab39924fb78a835b904a3b224d,5545606.0,794306007530.0,1006391053655.0,Desktop,MSI,MS-7B51,32.0,Win10,8
2305d0bf53dc426a8e730e79ab5a86b9,158885.0,11090040025.0,137020317815.0,Notebook,Lenovo,Lenovo ideapad 500S-13ISK,8.0,Win10,2
2316af0bc99a4d15bdbff864bd1e6516,3015239.0,252289141005.0,356778160770.0,Notebook,Acer,TravelMate P214-53,8.0,Win10,4
232c99fd4a964beabdf316c1753b2636,262980.0,27361667895.0,132935932815.0,Notebook,HP,HP 470 G8 Notebook PC,16.0,Win10,4
23ccf07213294bfe83c48e61d85f903b,262350.0,204049737930.0,247943231285.0,Desktop,Dell,OptiPlex 7020,12.0,Win10,4
2448ee30479b410eaf2c44f532d9c5db,789844.0,186040684505.0,248755981780.0,Desktop,Gigabyte,To be filled by O.E.M.,16.0,Win10,4
24514cd36c30456ca83d9e756932e997,307050.0,46000840590.0,78077675325.0,Desktop,HP,HP ProDesk 600 G1 SFF,8.0,Win10,4
24a9cbbee5e84cf99980f30dc14f34df,7962024.0,34128541190.0,639106897575.0,Desktop,Other,Other,8.0,Win10,4
24c567b933df42aeaecaca981e53f264,1502396.0,1102864627690.0,2076384353680.0,Desktop,Mouse Computer,To Be Filled By O.E.M.,8.0,Win10,6
24dd2fd9d46047f3b0e0744f52cbada3,5239148.0,29604453720.0,93570313750.0,Desktop,HP,HP EliteDesk 800 G2 SFF,16.0,Win10,4
251f990f9b704d79a2643f1c7b9a694f,1233738.0,677498843435.0,869975349110.0,Desktop,Unknown,To Be Filled By O.E.M.,16.0,Win11,n/a
253063040cb74c82b116a71b3ae7b609,200089.0,14698794270.0,33334328060.0,Desktop,Asus,Other,16.0,Win10,6
25409af702e846b5bc9293227b279d51,7365190.0,3230073968530.0,9551179656795.0,Desktop,MSI,MS-7B47,16.0,Win11,6
25a7747bbaf64d2c9da5f561070d1dc7,496640.0,341217949835.0,1542033565970.0,Desktop,Unknown,Other,32.0,Win10,8
25ab83c0f011405d92df111716bea78f,35794.0,14076312870.0,29674397315.0,Notebook,Lenovo,ThinkPad W520,24.0,Win10,4
25e19cfa6aa04c9c862b0e7cea949f5e,942440.0,20654348440.0,20921826165.0,Notebook,Sony,Other,8.0,Win10,2
26d2dc7a93a34442b9ac573a97bd618c,6863702.0,2374425077840.0,9470273296640.0,Desktop,MSI,MS-7C90,64.0,Win10,n/a
26e1ca0673424dfcaf2a3657503f708f,1099938.0,391831432480.0,489751796540.0,Desktop,Other,To be filled by O.E.M.,64.0,Win10,8
2729effe004548aba29c49a90bcac8c8,1703564.0,101229758290.0,182222885100.0,2 in 1,Dell,Inspiron 7573,32.0,Win10,4
27392ffee480426a88bf298c082d399e,2745938.0,988908217790.0,1595762298380.0,Desktop,Dell,OptiPlex 7010,4.0,Win10,4
27fa3e47e9514362b5bf96eeed84e5ac,307910.0,275337973655.0,668467769670.0,Notebook,Asus,Other,8.0,Win11,2
281158f25c614619a72c6eb5db80a4e3,795742.0,10543332970.0,12690008385.0,Desktop,Fujitsu,Other,8.0,Win10,2
2846dade676448c6acbdea89655cc1e5,1069430.0,91346748790.0,97204261195.0,Notebook,Acer,Aspire E5-573,4.0,Win10,2
287098b431b34061852fcb1825d3a747,199551.0,11620228740.0,20406799345.0,Notebook,Dell,Vostro 3500,8.0,Win10,4
289c69e62291402ab24e52e368eaa1f1,598768.0,158281677175.0,1133026517165.0,2 in 1,Lenovo,Lenovo YOGA 720-13IKB,8.0,Win10,4
28f4b43c3d9845ac884d581eece808f5,622438.0,40047952745.0,166253619295.0,Desktop,Lenovo,ThinkStation P330,16.0,Win10,6
2951368829534882a51b59661f000d4e,10336312.0,71369719920.0,107216784310.0,Desktop,Lenovo,ThinkCentre M710q,8.0,Win10,4
29b5708b01ef4e3a8e4e4161c213f01f,3243204.0,450232560035.0,609904914445.0,Notebook,Samsung,550P5C/550P7C,8.0,Win10,4
2a02bfe4c0d048879f0731368e59c11a,8759832.0,276997652835.0,415274541385.0,Notebook,Lenovo,ThinkPad T490,8.0,Win10,4
2a9276d036024d649007118cba85f58f,5772114.0,41416139180.0,42250830920.0,Desktop,Dell,Vostro 3881,16.0,Win10,6
2a9593eb60a146debe18b54bc6bab99c,2101243.0,125527032355.0,154438181225.0,Notebook,Dell,Vostro 3500,8.0,Win10,4
2abf0bf7606d4e00949bacb84335884d,6477493.0,265976862800.0,1733695694655.0,Notebook,Dell,Precision 5520,32.0,Win10,4
2b4dd9b1d95c4e7e965ff92716f0b979,741760.0,529451313420.0,801928718175.0,Notebook,Acer,Nitro AN515-55,16.0,Win11,6
2b4feed654134f639328f35bf00e7387,981006.0,61465178935.0,154486376550.0,Desktop,HP,HP ProDesk 400 G4 DM,16.0,Win10,6
2b6f7fcddd1b45ff822ea9708b3c42b2,5519502.0,149232751785.0,874894552130.0,Desktop,HP,HP EliteOne 800 G1 AiO,8.0,Win10,4
2b7d29c6a34c4596916baba3fcd517b6,678912.0,104597150105.0,215550813925.0,Notebook,Asus,ROG Strix G531GW_G531GW,16.0,Win11,6
2b970103dc514f539e731d3d415b17e5,791642.0,56239501360.0,67510143975.0,Desktop,Gigabyte,Default string,8.0,Win10,6
2bb3304ae1fb47eab4ab26d82618e06f,1459808.0,83506592840.0,83679364150.0,Desktop,HP,HP Z420 Workstation,32.0,Win10,6
2bc733daec7149988466da2f2e34dbda,338901.0,322612573035.0,413430218205.0,Notebook,Asus,G750JS,16.0,Win10,4
2c302712a9cd4896a652feddc8854ab5,285834.0,69382629540.0,88918946240.0,Notebook,Asus,UX331UN,8.0,Win10,4
2c95ae5a5daf4d58ab8c2dc327b12ce9,10688891.0,33722551765.0,40971491175.0,Notebook,Dell,Dell G15 5511,32.0,Win11,8
2ca6eaac82bf4e70b5b7bd7614cfaf03,5272890.0,123140657900.0,561492694375.0,Desktop,Lenovo,Lenovo S510,8.0,Win10,4
2cab87760d10491da9c78bbc95691dbf,4704706.0,88528296025.0,184771972785.0,Desktop,Lenovo,ThinkCentre E73,4.0,Win10,4
2d90402f9cfd4a6790a58d7d9c984d66,1579743.0,197784793940.0,241021888780.0,Notebook,Dell,Latitude E7240,8.0,Win10,2
2dfc7532e84b43ce93a925a0ad16b99c,1867353.0,306329511350.0,1154172362245.0,Desktop,Dell,XPS 8500,32.0,Win10,4
2e1688d2a5f94dc18941f4bf8dac19bc,2814001.0,13329145938850.0,15261243574045.0,Notebook,Dell,G3 3779,16.0,Win11,6
2e93ab09ca4441cea13f4afa6004e096,388820.0,38949425610.0,43309879595.0,Notebook,Lenovo,Lenovo V130-15IKB,8.0,Win10,4
2ebd4bb87e9341ab8b5596f7e20e00f9,8509526.0,617679229030.0,1021722424170.0,Desktop,Gigabyte,Z690 AORUS MASTER,64.0,Win11,16
2ecf5075b7b54da58de6170ba2da09a7,5522024.0,497668309810.0,523591484790.0,Desktop,MSI,MS-7971,16.0,Win11,4
3013610179874852b5a1fd490f998cc0,577408.0,51506038405.0,233009004730.0,Notebook,Lenovo,ThinkBook 14 G2 ITL,16.0,Win11,4
3043605231514ac2a1e5c4ec342d2996,59596.0,1503774415.0,2573325085.0,Notebook,Toshiba,dynabook Satellite B554/L,16.0,Win10,2
305954a2607147fdb5337cfef9f39e1a,1793776.0,40948070865.0,64906622415.0,Intel NUC/STK,Intel,NUC7CJYHN,4.0,Win11,2
305f5479e4d9459dbaceccff971bdb07,585192.0,75085914170.0,115782825855.0,Notebook,Acer,Aspire A314-35,8.0,Win11,4
309235522e694f829bfedf536ec19637,1892582.0,4365408911675.0,7838923485310.0,Desktop,Unknown,To be filled by O.E.M.,16.0,Win10,8
310f698c452d4f649ceaa88118f98094,11030371.0,1926484450780.0,5020904793215.0,Desktop,HP,Other,12.0,Win11,6
317ec186b48e4b41b078e6370924f717,527052.0,742912369860.0,840786609865.0,Desktop,Gigabyte,Default string,8.0,Win10,6
31b4f2a0175f4692a4a52b429ada5595,485671.0,12365472705.0,58217330065.0,Notebook,Lenovo,ThinkPad E450,12.0,Win10,2
31e0ebd915ac4720ac526818412da9fb,242316.0,18580476640.0,34721992900.0,Notebook,Dell,Dell System Vostro 3750,16.0,Win10,4
323aef709dd042a9b674bf5f45d1d6ce,5151864.0,167261147135.0,689182183655.0,Desktop,Dell,OptiPlex 5060,8.0,Win Server,6
329a471875d74b2b8ab9c317000dcb66,492209.0,7790719350.0,55966445910.0,Notebook,Other,Default string,8.0,Win10,2
331cc481ebda460da0e91be0edccfbc9,10355104.0,1928811139860.0,5811582031435.0,Desktop,Gigabyte,Z690 AORUS ELITE AX,64.0,Win11,16
33bc6b7b05984a0894c66fee4943b667,530444.0,1494744745.0,1960683595.0,Desktop,Other,Other,16.0,Win10,4
33d101822e314e109d2a1fe2bcf43014,11012991.0,1769089037680.0,1783847390630.0,Notebook,MSI,GP75 Leopard 10SFK,16.0,Win11,6
34bbbd892b77439ca305727b4d57cf7b,5620046.0,118609653545.0,378820664960.0,Desktop,Other,Other,8.0,Win10,4
351332fef0b64c5db8f64ac7bacca7a9,517206.0,16642962350.0,67730556975.0,Desktop,Dell,Inspiron 3668,8.0,Win10,4
351d1b6aa62940748e015b9d6abce4d4,1662878.0,4686170339125.0,11562213595730.0,Desktop,Unknown,Other,16.0,Win10,6
35af213252304848a832324e0d4798f9,11176.0,4378861115.0,29496897475.0,Desktop,Lenovo,ThinkCentre M70t,32.0,Win10,8
35e701aee1e641c7b48bdea9ba53cfaf,36472.0,26596312150.0,118693707735.0,Tablet,Other,Default string,8.0,Win10,2
36805b4d22334cb3974e3451f9a542b7,2887944.0,528068224050.0,964867232295.0,Desktop,Acer,Veriton M4660G,16.0,Win11,6
3690b4fdecc7431d9edc95c4b4a6bd5a,3258890.0,309994034050.0,674877951560.0,Notebook,Asus,VivoBook_ASUSLaptop X512FA_P1504FA,8.0,Win10,4
3694b8506e054cadb6e68b942a2c6d0e,5253942.0,58543798895.0,196158466520.0,Desktop,Unknown,Other,32.0,Win Server,6
36a9c114620d48a7ad5fd3c1d58e8809,1718710.0,153397132690.0,251555144510.0,Desktop,Unknown,Other,32.0,Win10,4
36e7b8c466b94966b14f2a2b473a12db,2074962.0,1442689352645.0,1791035486125.0,Desktop,Gigabyte,AB350M-Gaming 3,16.0,Win10,n/a
3711b68b98ab4b8f9feb9ba952ab98b9,18172.0,308208970.0,365686080.0,Notebook,Dell,Inspiron 5521,16.0,Win10,2
37220b4081864583aef464137cd8834d,1660594.0,949577184310.0,2599662288270.0,Desktop,Asus,System Product Name,32.0,Win10,16
372b4d55bce943c7a1c8ee34f45d6f53,407960.0,1316425152815.0,2197728503775.0,Desktop,Asus,System Version,16.0,Win10,4
376ddbb88d6d481f88400799dc284de7,2190084.0,83312508503655.0,144997291348520.0,Desktop,MSI,MS-7D25,64.0,Win Server,12
377194d6790e4183a1a8bca258d2e642,66536.0,8614779150.0,32015444405.0,Desktop,Unknown,Other,64.0,Win10,n/a
37e81099f3b04bcf86e14b85dd7a64c8,143110.0,253473568080.0,1085848420165.0,Desktop,Asus,System Product Name,32.0,Win11,6
3808a4cfb9de4abdb267fbadb07029fa,97884.0,34790184595.0,80571049620.0,Desktop,Asus,System Version,16.0,Win10,4
3820416e3c784d0cb15dc013a69437fc,2926456.0,44610949495.0,70922830210.0,Notebook,Asus,GL552VW,8.0,Win10,4
383a71b38f7c460d8b6aae76263a6dca,548121.0,33150587775.0,220147451555.0,Notebook,HP,HP 250 G7 Notebook PC,8.0,Win10,2
38409d86e8f046668b36db755a3bad46,2963212.0,182858588885.0,370809566180.0,Notebook,Asus,ASUS TUF Gaming F15 FX506LI_FX506LI,16.0,Win10,4
386b9408c18a4bb38a54708889448bd7,168054.0,7325432875.0,20653006495.0,Notebook,Dell,Latitude E6430,4.0,Win10,2
38d515be6ae542b0a0331da4fb54581b,1308634.0,197738586975.0,671271220845.0,Desktop,HP,HP Z2 Tower G5 Workstation,32.0,Win10,6
38dfb277acad4137947b95dfb9397588,16329014.0,1699868655255.0,12152290234235.0,Notebook,Lenovo,Lenovo ideapad 330-17ICH,20.0,Win11,4
3900523d4fda45e78529080cce7d547a,2963343.0,107185935975.0,131599918885.0,2 in 1,Lenovo,Lenovo YOGA 720-13IKB,16.0,Win10,2
39c52f4ae7a84b2bbb0d6000c11f32f9,11239917.0,58822418870.0,110759321895.0,Desktop,Dell,OptiPlex 3060,8.0,Win10,6
3a21cd5cf5ff498fb099cd61f57bb954,2942.0,5304422174.999999,6024615520.0,Notebook,Dell,Inspiron 7773,16.0,Win10,4
3a3deed308c842249e9b83aa05af14ea,3708594.0,318599431315.0,339046346175.0,Desktop,Unknown,Other,16.0,Win10,8
3ac5aec579e7477d95662a2247f90f4f,3380811.0,1688230355735.0,21156004190715.0,Notebook,Lenovo,ThinkPad P50,16.0,Win10,4
3ae0dd738b354d06b9c351f409fee850,658848.0,30981422455.0,31746933855.0,Notebook,Lenovo,Lenovo Legion Y530-15ICH,8.0,Win10,4
3b52a283610748adb97ff4e843b5cb78,524736.0,151570342955.0,165341512655.0,Notebook,Acer,Aspire A515-55,8.0,Win11,4
3b53bf0850f146bab320e18f436394e5,378448.0,138910352055.0,522857013900.0,Notebook,Samsung,900X3G,8.0,Win10,2
3b5db6fcc1ca4351ab7109b9efa86670,128042.0,16015676460.0,22337508430.0,Notebook,Samsung,550XBE/350XBE,4.0,Win10,2
3baf0e8393f1497e85f4be265aee2f74,2907867.0,202248852690.0,377724739945.0,Notebook,Dell,XPS 13 9380,16.0,Win10,4
3bffa7137a034e5fa51238fc001fb3bc,5656311.0,1006511038725.0,1100918363310.0,Desktop,MSI,MS-7C75,32.0,Win11,8
3d0ccb7a6b284bf88748d4563c729794,1330270.0,70323347970.0,78591994005.0,Desktop,Positivo,POS-PIH81DI,4.0,Win10,2
3d826a06f2d6439abe207f331df3fd65,107696.0,33466232040.0,35287749125.0,Desktop,Unknown,Unknown,16.0,Win10,6
3d82cb9b588645d3bfb234ece08874b7,635568.0,58030007555.0,138092670325.0,Notebook,Other,Other,32.0,Win10,8
3dc8c6a59e05452782e2adb79bc6a56c,2133708.0,200065174585.0,8399018811010.0,Desktop,Unknown,Unknown,16.0,Win10,2
3de7fc9ec0a542dc94cd0ed2a1f1ae32,1501742.0,247573565775.0,919291446765.0,Notebook,Other,NBD-WXX9,8.0,Win11,4
3ee565505fe845aa9b04c2648ca7e91b,4012155.0,17350703580.0,38276073895.0,Notebook,HP,HP Pavilion 15 Notebook PC,12.0,Win10,2
3f3c0a78e00742fca838a93e29d2b8b7,2688862.0,87803746245.0,122507635675.0,Notebook,Dell,Precision 7530,16.0,Win10,6
3f7860f27719445e967fed007a407637,4825295.0,158784049955.0,224130477405.0,2 in 1,HP,HP EliteBook x360 1030 G4,8.0,Win10,4
3f83c0ff20e44e5da8e25bfb6d0c52a4,2333013.0,296951791615.0,398310142965.0,Notebook,MSI,Sword 17 A11UE,16.0,Win10,8
4023793eaa1b403d8c98f9ba8c2d6f21,314122.0,57268919980.0,72561920430.0,Notebook,MECHREVO,Z3 Air Series GK5MP5O,16.0,Win10,4
40e6ea00b71848589061064f11857a5f,145412.0,268549140.0,282429290.0,Desktop,Unknown,To Be Filled By O.E.M.,8.0,Win10,6
413787c2481f46d6aa981adad1d94258,106484.0,45856788480.0,200750018700.0,Notebook,Samsung,270E5K/270E5Q/271E5K/2570EK,8.0,Win10,2
417bd382714d40c189f4f2769664e5eb,2063498.0,970610369140.0,1225917664665.0,Notebook,Lenovo,Lenovo Y520-15IKBN,8.0,Win10,4
4195c0bc3861417b9f4421f6e2f507a4,281812.0,23651300090.0,61196349540.0,Notebook,HP,OMEN Laptop 15-ek0xxx,16.0,Win10,6
41b7cc64a645463ca5c1807dff209483,11753072.0,66347408860.0,143815663000.0,Intel NUC/STK,Intel,NUC8i5BEK,8.0,Win11,4
41e4128f71e241f59b296600e6f99575,3485168.0,537204342015.0,1017560774380.0,Notebook,THUNDEROBOT,Not Applicable,16.0,Win10,14
43bba6e7072542198332c13f3986fc3e,1613547.0,261684392035.0,343869861235.0,Notebook,LG,14ZD980-GX50K,8.0,Win10,4
449e023b919043a8b2c77895f1fc37f9,5168538.0,69298477355.0,631558519135.0,Desktop,Dell,Vostro 3681,8.0,Win10,4
44f2dfe4b7d04994b21131ba07e8d751,15974421.0,7616725031790.0,22346864553155.0,Notebook,HP,HP ZBook 17 G4,32.0,Win10,4
4553f352800b4feb86da4a51b8ee7e05,2859040.0,119068162610.0,325934812245.0,Desktop,MSI,MS-7C31,8.0,Win10,6
4687827799f94635b3d48940ae087d49,8334.0,6131496510.0,65637339635.0,2 in 1,HP,HP Spectre Convertible,16.0,Win10,2
46b9d737ddce467d94367f1bdffef13e,5824156.0,1592081314665.0,40515313132345.0,Server/WS,Supermicro,Super Server,32.0,Win Server,2
4714b52ba75543c595da1a3758dbe024,623694.0,1169030359655.0,1564572317000.0,Desktop,MSI,MS-7850,16.0,Win10,4
47317e6370144f25bbc2d85e4f048f1d,165252.0,18044765100.0,35419211690.0,Desktop,Unknown,Other,32.0,Win10,6
47b0293428ba4bcb9127648cccc71f99,16453923.0,774562706820.0,3802586050885.0,Notebook,HP,HP EliteBook 840 G6,32.0,Win10,4
47e849df682145898cf5c18f8a5f358c,5853172.0,2545038120910.0,3112844697380.0,Server/WS,Dell,Other,32.0,Win Server,8
486eccb4801e44bc93206170bde513f2,4366250.0,132343390710.0,156599598730.0,Notebook,Packard Bell,Easynote ENTE69AP,6.0,Win10,2
492f9e166dc644ffb6334f2145b4a359,479440.0,26664107275.0,558312984100.0,Desktop,Unknown,Other,8.0,Win10,4
49895f9aacba4cadbcd1f2f9831d69d1,651136.0,162102528165.0,249842797260.0,Notebook,MSI,GS65 Stealth 9SD,32.0,Win10,6
4a40042baeeb4945b06a63b1d6e8d77e,230330.0,31205455005.0,53082469810.0,Notebook,Asus,ROG Zephyrus S17 GX701LXS_GX701LXS,32.0,Win11,8
4ae8fb3e49e94ee1ade2ca2835f1e0ed,5840734.0,154056043690.0,189159864380.0,Desktop,Gigabyte,Default string,16.0,Win10,8
4b1a4dba28fe4cd2a7a5d7346d52631f,437511.0,81441761635.0,145864051860.0,Notebook,Asus,S550CB,8.0,Win11,2
4bd32892de5a4e6e9bbe0d0e2a736bc6,61124.0,15116604645.0,16592418245.0,Notebook,Hasee,Not Applicable,16.0,Win10,6
4bd728017df9495e950f1ea1d5fd80b3,716715.0,146231538565.0,215212723015.0,Notebook,Other,Default string,8.0,Win10,2
4bd893efe8bf4007a2089849af7e4df8,4799847.0,11366677300575.0,15025972486070.0,Notebook,Dell,XPS 15 9510,16.0,Win11,8
4c107a4dc03943c0befbeab450da916a,614742.0,105990106705.0,212370163785.0,Desktop,Unknown,Default string,8.0,Win10,4
4ca4c4b8310747eb90b1b4966d565aba,1274150.0,437332371200.0,1850952671545.0,Desktop,Gigabyte,Default string,16.0,Win10,6
4cc4df83f3c74fec89d973ff4603c1f0,2226246.0,1162364903080.0,1421621671335.0,Notebook,LG,15Z980-GA5BK,8.0,Win11,4
4d3e340e8d974f82b2a19918cacf24ec,793494.0,75683998490.0,287397360540.0,Notebook,Lenovo,Lenovo V130-15IKB,8.0,Win10,2
4dd8c7c10cba4139b21129fb8af60b8d,443025.0,412417013960.0,655816978360.0,Notebook,Notebook,Not Applicable,32.0,Win10,8
4f76cf044ebe4f3b9fb82c64d449174a,10874702.0,75376288485.0,85228623045.0,Intel NUC/STK,Intel,NUC8i5BEH,8.0,Win10,4
4f9ba628c6ce415d90ad772f06fcf69e,535236.0,21481700225.0,69448111725.0,Notebook,Lenovo,Lenovo G460,4.0,Win10,2
4fd7bed132524d23be18db7cc39906d1,106844.0,19969966150.0,46495362775.0,Notebook,Hasee,GI5CN54,8.0,Win10,6
4fdc9b5f4de54124ae6f3ed2d1f7d5a7,1556370.0,13932004590.0,239260194240.0,Desktop,Fujitsu,Other,16.0,Win10,8
510a3f8f290a4f4e945e3b2e162befa0,670622.0,59288287395.0,78931451635.0,Notebook,Lenovo,RESCUER R720-15IKBN,8.0,Win10,4
51666c04b1f74dc89f364a4eac3ad65f,1138714.0,32556734085.0,42473822255.0,Desktop,Asus,System Version,4.0,Win10,2
5192f4225bda4bc4942f28ee84ebaa7e,2365750.0,645210207010.0,1068941822065.0,2 in 1,Microsoft Corporation,Surface Pro 7,8.0,Win11,4
5255d1da29d741b18a57e916e51982af,187120.0,36690569705.0,62743302170.0,Desktop,Asus,System Product Name,8.0,Win10,6
5293d597d8284c2fa7d8c44bc0066632,5915814.0,234475310775.0,1277578559225.0,Desktop,Fujitsu,ESPRIMO P558,8.0,Win10,6
53b146c38ad7495fb885c5a4336e2102,1124378.0,1556135111940.0,67299822164085.0,Server/WS,Supermicro,Super Server,32.0,Win10,8
53b93243d3e4428eb2124e0d448383a1,468916.0,63831400305.0,145796975600.0,Notebook,Asus,VivoBook_ASUSLaptop X421FAY_X413FA,8.0,Win11,4
53fecac314264b508a51f7c92f481f0f,1694838.0,237600893670.0,336811935100.0,Notebook,HP,HP Laptop 15-bs0xx,8.0,Win10,2
5457da9f29cf4f4598d0089b4fcdd581,581152.0,203965948510.0,297197408115.0,Desktop,Asus,System Product Name,64.0,Win11,6
54c1287e2a6d40fd90121e67724a47d5,3922182.0,85784384010.0,172088481705.0,Desktop,Gigabyte,Default string,32.0,Win Server,8
54e28b98eab840b9a6c83c8f3de31a14,33584.0,48548892050.0,137507895255.0,Notebook,Asus,X756UQ,8.0,Win10,2
558466dbb8b848219c92b7f77635eb27,4158200.0,58841261805.0,349828442860.0,Desktop,HP,HP ProDesk 400 G4 SFF,4.0,Win10,4
55c207162dc449b49f4cec1ebaf2db30,10027048.0,2603136222860.0,26559425737415.0,Notebook,Acer,Predator PH315-53,32.0,Win10,8
56042c3d125e4a949d4e71b9ae00c1b3,281534.0,117267682055.0,314800767115.0,Notebook,Acer,Swift SF514-51,8.0,Win10,2
5625ff6be25a4df98461e1592c6cfbd4,1637975.0,164684886235.0,236427500515.0,Desktop,Other,Other,32.0,Win11,8
56b40311eb214348ba31249709205726,7121324.0,159503605120.0,170131580790.0,Desktop,MSI,MS-7846,8.0,Win10,2
56bf9b418cb547d7884df1bd72448081,330358.0,123801891575.0,157115131145.0,Notebook,Acer,Aspire E1-430,8.0,Win10,2
56eef1e7544a40bb857820f45a61a3ec,3641154.0,289044846880.0,607328503370.0,Intel NUC/STK,Intel,NUC10i7FNH,16.0,Win11,6
57a727c356d646549b1b433c2cf10fab,501498.0,117307171300.0,476862442440.0,Desktop,Gigabyte,B560M AORUS ELITE,16.0,Win10,8
583c9764796a462285e407aca1545928,546412.0,56228956960.0,108186383340.0,Desktop,HP,HP Pavilion All-in-One 24-k0xxx,8.0,Win11,6
58917024aee0457486c44c93a317c8b5,6000358.0,429240928835.0,824407016430.0001,Desktop,Medion,Default string,16.0,Win11,6
597e0c7f0ea1443ab6a7500f453bca3b,290755.0,49354104335.0,181187745065.0,2 in 1,Lenovo,ThinkPad X1 Carbon Gen 9,32.0,Win10,4
59948f5f355d4b0b83d0505b4563d845,264814.0,60015882175.0,89115357860.0,Notebook,Asus,ZenBook UX425EA_UX425EA,16.0,Win11,4
5a7a7f2c36f242b3b0a73884bcb65d04,286218.0,27796267345.0,31337185655.0,Notebook,MSI,GF63 8RD,24.0,Win10,6
5b3190ffaf67488e9c602ccf275a1d69,2991699.0,627294221935.0,724024541375.0,Notebook,Asus,TUF Gaming FX505GT_FX95GT,8.0,Win10,6
5b41cf53dbb34b4fa7846e3781cb0a53,48906.0,4533057045.0,6181754445.0,Notebook,Lenovo,Lenovo Z40-70,8.0,Win10,2
5b6d6fdb3ee143dd980d30be2acd23bf,4486340.0,37335828920.0,133097493975.0,Desktop,Dell,OptiPlex 7090 UFF,8.0,Win11,4
5bcad04702a749ef937156fac96ba851,526347.0,29284805450.0,37253842950.0,Notebook,HP,HP EliteBook 840 G4,8.0,Win10,2
5be7b313efd247daaef174c2898a015b,10805691.0,75686950270.0,156397548105.0,Desktop,Unknown,To Be Filled By O.E.M.,16.0,Win10,n/a
5c6e42cb071d43bc8a059c508269faa8,5214928.0,31597547465.0,343889050695.0,Notebook,Acer,Predator G3-571,16.0,Win10,4
5d54b7bc0cd24be592055b9164bf9952,13438.0,221664150.0,573150945.0,Desktop,Unknown,To Be Filled By O.E.M.,8.0,Win10,4
5d56960ace59413cb6bf8039ba0962e3,31764.0,1390075555.0,1399595415.0,Notebook,Lenovo,ThinkPad E480,8.0,Win10,4
5d7ae4596f984dd5a5c485b181a34be0,240184.0,671177746085.0,6200581603630.0,Desktop,Asus,System Version,16.0,Win10,2
5d981dd683084bdfaf775d96876d6a41,4456156.0,753001104805.0,784462215235.0,Notebook,HP,HP ENVY Laptop 17-cg1xxx,32.0,Win10,4
5e2cd782fb5c4af1ad95520b6e674dee,73832.0,7514964795.0,215567737815.0,2 in 1,Dell,Inspiron 7373,16.0,Win11,4
5e6552c37cfc411a9b10b6a0eab4c3c2,258952.0,244425465605.0,265516918460.0,2 in 1,Microsoft Corporation,Surface Laptop 3,16.0,Win11,4
5e82a1aa237c40b680d72e5b99254bd7,14136.0,1900312210.0,2673939355.0,Desktop,Asus,System Product Name,16.0,Win11,4
5ec0b8a63577454b8f1100ab3797e83a,611068.0,237611487170.0,492097841605.0,Notebook,Alienware,Alienware 17,16.0,Win10,4
5f57f45cc9fb49e692b93d2ae0364225,6836888.0,1666795703605.0,10690389622080.0,Desktop,MSI,MS-7A59,32.0,Win10,4
5fafdf2d98a445febc06ac34013f4878,4509273.0,1228612559955.0,3644119204840.0,Notebook,Casper Bilgisayar,EXCALIBUR G770,32.0,Win11,6
60278b73f99942548ba004c4ae980d09,5711831.0,7941113280.0,28370338750.0,Notebook,Dell,Precision 3551,32.0,Win10,8
60d30192348745a6800f56e4882219b7,18600.0,3404482955.0,4424124605.0,Desktop,HP,HP EliteDesk 800 G1 SFF,16.0,Win11,4
60fdcd5c553f424dbca5e513e609d344,2071771.0,28009047895.0,28125879545.0,Desktop,MSI,MS-7917,16.0,Win10,4
6138cad4af4c460ba47a1220fe0a81f3,512920.0,139354108865.0,200322514680.0,Notebook,Asus,TUF Gaming FX505GE_FX505GE,16.0,Win10,4
6143ae80961c4693a70809f8e5558f9c,2722338.0,38911456030.0,415996720980.0,Desktop,Gigabyte,Z390 AORUS ELITE,16.0,Win10,8
61b2fef0dc39493fb2c8747f5ee91d5b,12656.0,1247890920.0,1252019010.0,Notebook,Acer,Extensa 215-51G,8.0,Win10,4
61eecc97baa04c8ba8e800a9543e8122,1270852.0,5666071015.0,168015186350.0,Notebook,Fujitsu,Other,8.0,Win10,4
622c9e20a492463bbbb1224c6721d285,4472130.0,160738028490.0,173072503290.0,Desktop,Dell,Precision T3600,32.0,Win10,8
6298855be4b8446c981204a14bc5e0e6,322834.0,23297548390.0,27502235570.0,Notebook,Samsung,550XBE/350XBE,20.0,Win11,4
62ae70f8a43d4bb39cb04da350a1197d,516928.0,117297951975.0,187037457465.0,Desktop,Unknown,To Be Filled By O.E.M.,16.0,Win10,4
62ddea0cab884eb5b4e21105e1749832,366374.0,133509053195.0,278333893800.0,Notebook,MSI,GE70 0NC\0ND,8.0,Win10,4
62f62b97af904286ae79caf26e1ead4a,1811286.0,38906312880.0,48351903425.0,Desktop,Gigabyte,Default string,8.0,Win10,4
636b50031d2941df9a63804a1666087f,340978.0,200164855270.0,572983359815.0,Notebook,Hasee,Not Applicable,8.0,Win10,4
637fe1e242ce4b13b4ec3247ab815f8b,975928.0,77219832345.0,123955274865.0,Notebook,Dell,Latitude E6540,16.0,Win10,2
63aa3d87f2a24ea4a3cb2c8dd259cead,11286638.0,103505269125.0,2053362938125.0,Desktop,HP,HP ProDesk 400 G4 DM,16.0,Win10,6
63da091771ba498a80e1eadcae06c0ad,2297068.0,192001698540.0,234318464435.0,Desktop,Dell,OptiPlex 7020,8.0,Win10,4
640aefa4b4db4a25a240c9f4eab03af3,959104.0,1035267775555.0,1522528093175.0,Desktop,MSI,MS-7D07,32.0,Win10,6
65153312a58441b294683e27f675136c,1787678.0,1141969299735.0,1417890486105.0,Desktop,Unknown,To Be Filled By O.E.M.,32.0,Win11,8
655b426991df48b8a05de7e809d7d67f,2250962.0,455540179245.0,1504821441860.0,Desktop,Lenovo,ThinkStation P340,64.0,Win11,10
65a584935d2140908dbe78ca93ba3aad,245266.0,23209417505.0,34710480205.0,Notebook,Fujitsu,LIFEBOOK A3510,8.0,Win10,4
660db88a84bd400a8245d5a1286a464d,1506566.0,255388552240.0,537610166500.0,Desktop,Unknown,Other,8.0,Win10,2
661332c41e5d4cd9bd4721997005318e,7987338.0,22239978370.0,30509135595.0,Desktop,Lenovo,Other,8.0,Win10,4
664b14aa6b3847cfac837ade8558d2c7,3639064.0,1496720936025.0,5448904722735.0,Desktop,Unknown,Other,64.0,Win10,10
666d33ceb1484b9ca7595b3311716362,39450.0,6798833780.0,11467401160.0,2 in 1,Lenovo,MIIX 520-12IKB,8.0,Win11,4
66788917b137406287f8ed4af0521c77,4054046.0,764652284240.0,2311495452560.0,Desktop,Gigabyte,B560 AORUS PRO AX,32.0,Win10,6
669fd967e1ad46a68508d3926aa45ee1,1819410.0,159651679140.0,322916923080.0,Notebook,Lenovo,ThinkPad P53,48.0,Win10,6
67073ce34dda44988df3999ae2c64a66,634968.0,46925126465.0,196974086500.0,2 in 1,Lenovo,ThinkPad X1 Extreme 2nd,32.0,Win11,8
670bc32df500429788b99826906bd9b3,11340354.0,8691175011540.0,15852805463630.0,Intel NUC/STK,Intel,NUC10i7FNH,32.0,Win Server,6
67300b7e535a4045b14664782aeacc84,157692.0,84514826960.0,131060007380.0,Notebook,Lenovo,ThinkPad T480s,24.0,Win11,4
6757eafbd93b4345a08663c8930534f3,602762.0,105734437795.0,107093745800.0,Notebook,Dell,Latitude 5420,16.0,Win10,4
67d6730e11394179ad8201bd7b7dd873,8901467.0,828273038460.0,10599949926485.0,Desktop,Unknown,Unknown,8.0,Win10,2
684b9b943c5f4ee0bc38f8fff7ce6b9f,392896.0,118243076130.0,170072575940.0,Desktop,Unknown,Other,16.0,Win10,4
6888669b3d87442cac34011a72253987,2927769.0,350240835810.0,562825263290.0,Notebook,Dell,XPS 13 9310,16.0,Win11,4
692dff46345641d7b5c1d8ec51809250,548106.0,350225736440.0,3320253351085.0,Desktop,Gigabyte,B660M DS3H DDR4,32.0,Win10,10
6937def6ec2f458ab0b5f77d9879958f,53508.0,8857657795.0,529099658485.0,Notebook,MSI,Pulse GL76 11UEK,16.0,Win11,8
6965bb3acc244e31baecebeabe313244,384494.0,80933454905.0,859163380490.0,Desktop,Unknown,Unknown,24.0,Win11,4
69784fa0f2454d339c8ba9027ba567cd,707956.0,548819239770.0,2247190507210.0,Notebook,Razer,Blade,32.0,Win10,6
699085307eac475087e460e4622a335d,664627.0,116994793030.0,156149600625.0,Notebook,HP,HP Pavilion Laptop 15-eg0xxx,16.0,Win10,4
69b754fa875544d3a1808306c40de544,7054568.0,1565593010730.0,4609059478125.0,Desktop,Asus,System Version,16.0,Win10,4
6a5ec086abb14d638c7feca81fd25221,237098.0,7417133415.0,34170235060.0,Desktop,Asus,System Version,8.0,Win10,2
6aa0bcbcab5b414b822f9979fba1257b,1710622.0,199411950495.0,388324825210.0,Notebook,Lenovo,ThinkPad 11e 3rd Gen,4.0,Win10,4
6ad29e8cbcaf4bf5ab006538d494c8cf,5035632.0,5882275271435.0,9272090036805.0,Server/WS,Dell,Other,128.0,Win Server,8
6c0351f036654322b74e4fd590e032ca,11309592.0,94547930380.0,497654417680.0,Desktop,HP,ProLiant MicroServer Gen10 Plus,16.0,Win Server,4
6c083f8234534828a0d261b581057929,307074.0,6815700235.0,7953146880.0,Desktop,Asus,System Version,4.0,Win10,2
6c215b9120184c70a7f8788b51f965d7,5686.0,5087412665.0,105140647919.99998,Intel NUC/STK,Intel,NUC11PHi7,16.0,Win10,4
6d846bcef25f4b958135643a8b0154a9,981994.0,219973783670.0,510774219630.0,Other,HP,Other,4.0,Win10,2
6db537ef99744b118fb5d040d943fd08,116086.0,51770461245.0,95563233595.0,Notebook,Dell,Inspiron 7370,8.0,Win11,4
6e54a65f6d8d450d9a4a95a413c16f0e,519048.0,54644531175.0,73805954475.0,Notebook,MSI,Katana GF76 11UE,16.0,Win11,8
6eb460d331fe4172bfc5dbe9804c037e,8914862.0,949515554675.0,7764390046940.0,Desktop,Unknown,Other,16.0,Win10,4
6f1d1b9d9a6141bd9419a352d10c3c14,1362056.0,31791872270.0,89620785240.0,Desktop,HP,HP Slim Desktop S01-pF1xxx,8.0,Win10,2
6fcc0d491bff46499fab8f209bd3522e,642094.0,767476550495.0,1053773665400.0,Desktop,Gigabyte,To be filled by O.E.M.,4.0,Win10,2
6ff0e4334c7b473082fc28b73f44ca10,3010854.0,84139305630.0,105530032010.0,Notebook,Dell,Inspiron 5548,16.0,Win10,2
700ae7c018dc41f2bb928794798c082c,693407.0,46981102285.0,80227519260.0,Notebook,Lenovo,Lenovo V15 G2 ITL Ua,8.0,Win11,4
705887dba9c04c2783641acdac351144,3793882.0,16913857878885.0,17831453658820.0,Desktop,Lenovo,Legion C530-19ICB,16.0,Win11,6
7092c68053244088b837679398668390,2199917.0,79607540875.0,117369638645.0,Notebook,Other,SIMATIC Field PG M5,32.0,Win10,4
709808cca76f4aa6bb61896d6198ee3e,1855064.0,476390835270.0,500410109825.0,2 in 1,HP,HP ProBook x360 11 G5 EE,4.0,Win11,4
7268df995bf74dd4a413048759c37767,1954096.0,1151239675.0,2742169955.0,2 in 1,Lenovo,ThinkPad Yoga 11e 3rd Gen,4.0,Win10,4
7282c8397813487d9c91e5fd5d882bd9,289374.0,47896866260.0,48571178205.0,Notebook,Dell,Latitude E7450,8.0,Win10,2
72f5f25c4e3346acbf38bf2e9f0c4783,2056204.0,868957496280.0,13030323227415.0,Desktop,Gateway,DX4870,16.0,Win10,4
7323b22e47944461b62923d868671256,1192413.0,81138466210.0,96313017430.0,Notebook,Lenovo,Lenovo Legion 5 15IMH05H,16.0,Win10,4
737a4a2fccbc4276bbb308b32d0d8839,9796112.0,51352542720.0,60268120365.0,Desktop,HP,Other,16.0,Win10,4
739154f80d474d8fba3d81d4c03b32cf,1511056.0,2148599173430.0,6091873150775.0,Desktop,Lenovo,Other,16.0,Win10,4
75cbe282c20345a49547d0f628a04034,2123729.0,250748020180.0,289801199215.0,Notebook,Dell,Inspiron 5458,8.0,Win10,2
76b4140e35d04279954104fa3a7036c9,1659167.0,17589667160.0,42393639390.0,Intel NUC/STK,Intel,NUC11PAHi5,16.0,Win11,4
772719b60266494aadd94b58a0ebbec0,9997355.0,25759973006325.0,46980364590580.0,Desktop,Dell,XPS 8940,128.0,Win11,10
772ebb34a5a94c7eac8eb78c6046c412,55592.0,21244705850.0,22377500720.0,Desktop,Lenovo,ThinkStation P520,8.0,Win11,4
774e51af263c4894a6225e842815e562,1244924.0,10685261980.0,18000192159.999996,Desktop,Dell,OptiPlex 3040,16.0,Win10,4
77a2440ba55347abaa61128e29d4b480,42294.0,757916730.0,1403819140.0,Notebook,Lenovo,Lenovo ideapad 330-15IKB,8.0,Win11,4
77fc64f84b954fdfa2215fc3ee45178d,5928134.0,70482695445.0,192510536600.0,Desktop,HP,HP EliteDesk 800 G4 SFF,8.0,Win10,6
77fd9499098448999d47d55b93850cf3,6079140.0,714339978210.0,9341394784865.0,Notebook,Apple,"iMac14,4",8.0,Win10,2
7867de998e614bb58a1c3c9b526a1ccf,2457873.0,127310512645.0,175901010020.0,Notebook,Dell,Latitude E7240,4.0,Win10,2
78dea303b8974a2791f8d5ad1af2d98f,14118940.0,2297780424285.0,3728530358820.0,Desktop,Gigabyte,X570 AORUS MASTER,32.0,Win10,n/a
796dd5b1f35c4f2caf8316e5b919e874,21023752.0,447456898860.0,4968896891280.0,Server/WS,Fujitsu,Other,64.0,Win Server,10
79c6a6bd24744600809892e28c17b3bb,11174494.0,5684441782595.0,6041650660890.0,Desktop,MSI,MS-7C79,16.0,Win10,8
79f67803eba349bca0f8b41d58370d29,2217506.0,2581160227100.0,4600693333735.0,Desktop,Gigabyte,To be filled by O.E.M.,16.0,Win10,4
7a044cf39aab469494db4c622369fed5,7602199.0,108598646675.0,322231848985.0,Intel NUC/STK,Intel,NUC10i7FNH,16.0,Win10,6
7a1d5bce96184091b2b59ec81551cc14,1062580.0,1875903854885.0,2066279795080.0,Notebook,Acer,Predator G3-571,16.0,Win10,4
7a8208d52bda44ac9885c6ef25549c2d,8742701.0,775180117585.0,1051905441445.0,Notebook,Dell,Latitude 5500,16.0,Win10,4
7abb1b437f04461888b5a810edda3af7,4346546.0,86591085950.0,120266884935.0,Desktop,Dell,OptiPlex 5000,64.0,Win10,12
7b470772a01a4797bac0b75b7a36e1ee,695713.0,66306417150.0,74088691240.0,Desktop,Dell,OptiPlex 7040,16.0,Win10,4
7c084ac1255846229c1d3df1105f5283,470130.0,6481018565.0,18868659455.0,2 in 1,Lenovo,ThinkPad X1 Yoga Gen 5,16.0,Win10,4
7c56f29d7a9f4fb2bcb101356f7a6d15,414936.0,460058636170.0,698796415335.0,Desktop,Thirdwave Corporation,System Version,64.0,Win10,8
7c80f48b641644cb9c9df3199396d66b,11566.0,542820025.0,5575877830.0,Notebook,Dell,Precision 7560,128.0,Win10,8
7cb987f850954626aa436c4db251fa41,5224282.0,86313369715.0,804046866865.0,Desktop,Unknown,To Be Filled By O.E.M.,8.0,Win10,4
7cdd97e4a09244e2b70c0dbc2874b4d7,8641706.0,289094970200.0,902841266645.0,Intel NUC/STK,Intel,NUC10i3FNH,8.0,Win10,2
7d226903ed3e4238abfc525098a30527,249100.0,230286226020.0,405674231280.0,Desktop,MSI,MS-7816,8.0,Win10,4
7d5b790881074d39b990afaf4bc6c197,1947396.0,1954352886450.0,6806908830640.0,Notebook,Dell,Inspiron 15 7510,16.0,Win11,8
7dd23cfd2cc74c7ca119be6a53eb6b81,570222.0,160144032960.0,221285879380.0,Desktop,Unknown,To be filled by O.E.M.,32.0,Win10,n/a
7e089accf48c48d88785c2c8044de2e3,252752.0,35876884650.0,112357084205.0,Intel NUC/STK,Intel,NUC8i7HNK,16.0,Win11,4
7e19954dff714d8d8d3dc75211d1fe03,1337560.0,653039977110.0,823057048360.0,Notebook,Lenovo,Lenovo G50-70,8.0,Win10,2
7e87475832084ed5a437125a422c5dec,10981988.0,126237708550.0,2406452821655.0,Intel NUC/STK,Intel,NUC10i5FNK,16.0,Win10,4
7ec2b583d78a4abba2455ec2ced510c7,1390325.0,591386001650.0,2642298716560.0,Notebook,Asus,ROG Strix G531GT_G531GT,8.0,Win10,4
7ee525b6ce314b168a8dd9730c66e509,2130807.0,413927444730.0,665046853175.0,Notebook,Asus,ASUS Gaming FX570UD,16.0,Win11,4
80544fefac3b461da3756ce22199c768,133786.0,29821580330.0,74903630380.0,Notebook,Asus,VivoBook 15_ASUS Laptop X560UD,12.0,Win11,4
8081d79d5be349a78e01f965fc102283,332368.0,37310126335.0,181563067795.0,Intel NUC/STK,Intel,NUC11BTMi9,32.0,Win11,8
80b0e679defc4ce5a68ba5a0427ab13b,8411897.0,81974024515.0,106793910080.0,Notebook,Lenovo,ThinkPad X240,8.0,Win10,2
80b588b5ca2f4265b24c902af6c9ad90,815000.0,795677988190.0,906128773355.0,2 in 1,Lenovo,ThinkPad X1 Carbon 6th,16.0,Win11,4
80b662df557446248c51cba449dfebcd,29538.0,7602620305.0,20802044544.999996,Notebook,Asus,G551JW,8.0,Win10,4
80de2ba6467d49168e7e0cb917084a4b,957409.0,487888291000.0,517333519950.0,2 in 1,HP,HP Spectre x360 Convertible 13,8.0,Win10,2
8191f44ff94f43d5b2300a321380d2e5,1015037.0,202492324940.0,252711123750.0,Notebook,HP,HP ProBook 650 G1,16.0,Win10,4
82460aaa9d4b4fb8ae3da41cf37292dc,90512.0,8873731025.0,60555414225.0,Desktop,Gigabyte,Z490M GAMING X,32.0,Win10,8
82beee0cf5e24b5aa24ae25915611b56,4456373.0,16837676775.0,18326868400.0,Notebook,HP,HP ENVY m6 Notebook PC,16.0,Win10,2
82f3f0257e0146d68b9f9658988f015c,11078146.0,72998562925.0,1851396404160.0,Desktop,Wortmann_AG,Other,8.0,Win11,4
836f61a852ba4d4abcb1890a27e35855,210120.0,115603968860.0,120762030090.0,Desktop,MSI,MS-7C35,128.0,Win11,n/a
83ccb0f872444503818f23cfb4c05ef6,6362599.0,498893470615.0,1050247622460.0,Desktop,Acer,Veriton M4630G,12.0,Win10,4
83d683f925564b28b4dd82364c2341b6,516300.0,119039068410.0,244815828925.00003,Notebook,HP,HP Laptop 15s-fq4xxx,8.0,Win11,4
841a56b9656d433294147a6916ded8d4,579312.0,53058296350.0,99510068820.0,Notebook,Thirdwave Corporation,Other,32.0,Win11,8
847326a14e1d4b7d82e87498cc4c5636,5909300.0,663654435805.0,9780063023320.0,Desktop,Dell,Precision Tower 3431,64.0,Win10,8
84e8441c54cc456f8d3d9c4c1af1d452,4894126.0,33736022885.0,38625290675.0,Other,Unknown,Unknown,24.0,Win10,6
855f7f016d3f4c7db63cd319b4908c6d,2000548.0,157947277105.0,446646372950.0,Notebook,Asus,UX310UQK,8.0,Win10,2
85d534a36de54f9285e57a7189405252,4477618.0,1780240083705.0,2019987266055.0,2 in 1,Lenovo,ThinkPad X1 Yoga 4th,16.0,Win11,4
85de526d737e429eb21b530f0a91cdea,3096662.0,161847470840.0,260119680850.0,Notebook,Lenovo,Lenovo XiaoXin 700-15ISK,8.0,Win10,4
85fd735c6cda4011b75d7ff42abab863,19026.0,1845341284.9999998,8627234845.0,Notebook,HP,HP EliteBook 820 G1,8.0,Win10,2
86556563e466478ab5257327f2ae57f7,1077350.0,205104517750.0,230439309865.0,Notebook,HP,HP ZBook Studio 15.6 inch G8 Mobile Workstation PC,32.0,Win11,8
867ea595028f491ca4faec14ab0e05a0,2623458.0,996559268775.0,1124214700625.0,Desktop,HP,HP EliteDesk 800 G1 SFF,16.0,Win10,4
86befaac679c4c9fa170e8d276f11776,17215138.0,263013068070.0,2391205570035.0,Desktop,Asus,System Version,64.0,Win10,6
86e5dce6922e464eb7d6662c2ebef2f7,2372370.0,2349951794935.0,15778726061530.0,Notebook,Other,Other,64.0,Win10,6
87029bfa75aa4d7bb3b56696d870ac0e,5436604.0,128868175330.0,1003212972510.0,Desktop,Gigabyte,GB-BKi3(H)A-7100,12.0,Win10,2
873d8f64774d43dab0fed483deb093d3,10144674.0,129952042320.0,6755447285695.0,Desktop,Medion,MS-7848,4.0,Win10,2
876984bc2d6c48f39c9fe826ba16fc1e,344348.0,75146333890.0,79538589535.0,Desktop,Unknown,Other,16.0,Win10,8
88af9440427044b485c78b48c451da09,2743852.0,14499016020.0,20529551650.0,Desktop,Wortmann_AG,TERRA_PC,32.0,Win Server,4
8936574b9d04424c8e3e6a962573d1c5,5955340.0,260200050590.0,474499055385.0,Desktop,Gigabyte,Default string,16.0,Win10,8
8a15e08cda964fd1b4d0a94040d8a4cc,116284.0,3094049235.0,4707149815.0,Desktop,Lenovo,ThinkCentre M710q,8.0,Win10,4
8a34c94bcd00498a900edd843d276caf,6119816.0,527378552560.0,20630861715775.0,Desktop,Unknown,Other,32.0,Win10,8
8a3937bdb735480aa3db591bde7c96a0,159336.0,13471345170.0,16782609020.0,Notebook,HP,HP 250 G7 Notebook PC,8.0,Win10,4
8a9728000ebd4ba0a77c58125c108791,523392.0,173296140345.0,304157817135.0,Desktop,Lenovo,Other,8.0,Win10,6
8af0b5438df9436f9bc8170af9d0d658,4083155.0,43581956985.0,46270537755.0,2 in 1,Microsoft Corporation,Unknown,16.0,Win11,4
8b519f28881c46a6ab0cd5071020474b,727968.0,177540401895.0,427838432165.0,Desktop,Dell,XPS 8700,32.0,Win11,4
8ba12a8dffcd4eacb755cc884526c7f9,1658726.0,152627310185.0,2693411659165.0,Desktop,Gigabyte,To be filled by O.E.M.,16.0,Win10,4
8bd1a8d959df4f0dad4430f1e70fc1c2,115340.0,101467263465.0,138937245820.0,Notebook,Lenovo,Lenovo Y50-70,8.0,Win10,4
8bde00facd884d159c75641c36f5f2ed,2263964.0,13140859645.0,15281540980.0,Intel NUC/STK,Intel,NUC8i3BEH,4.0,Win10,2
8ca8de973f5341a0bcce576527787f8c,627264.0,476895309640.0,633270497965.0,2 in 1,Microsoft Corporation,Surface Pro 3,8.0,Win10,2
8d92c0fb373d41aeb4eb3e1be42f23d7,1375002.0,135778227755.0,520370556660.0,Notebook,Asus,ZenBook UX425IA_UM425IA,16.0,Win10,n/a
8e1803ed09704f238660820f8c8a3d25,1671656.0,1099806885675.0,1380718293795.0,Desktop,Gigabyte,To be filled by O.E.M.,16.0,Win10,4
8e2a5703645840449cb2045ddb9b93a7,574900.0,13646562585.0,34512303260.0,Notebook,Asus,Other,8.0,Win10,2
8e44123bb5734a35ac3671b51a2d85ec,2255256.0,137305410680.0,425279357945.0,Notebook,Acer,Aspire V3-571,8.0,Win10,2
8e59dc0b38ac4e9881721fc6280cdd00,497623.0,372903736050.0,373201651040.0,Desktop,Lenovo,Other,16.0,Win10,n/a
8e7ea49914af40529b1e5728de310285,10680089.0,3233291806975.0,8428585724040.0,Notebook,LG,15UD780-PX50K,8.0,Win10,4
8efe003de0e14e6f9f5af440519d7b12,1624318.0,127032378450.0,162429236745.0,Desktop,Other,Other,32.0,Win10,4
8f47e385735e4021be016f92e683fbbd,21469122.0,45274350210.0,51610079335.0,Desktop,Intel,Other,16.0,Win10,4
8f6b081749b34b2ebe06885f3b57ad35,638960.0,128833795820.0,129002006050.0,Notebook,Acer,Aspire E5-574,16.0,Win10,2
8fcff5c2de36497dbda6c86f158d63df,7574.0,1687279919.9999998,3095748790.0,Notebook,Acer,Aspire A114-32,4.0,Win11,2
90178c93c44c4da6942318f72bce03bd,2249374.0,207240371410.0,951919181625.0,Notebook,HP,HP ProBook 650 G5,8.0,Win10,4
90196b45f6cc4c8ea10d5cc06796e6ad,262447.0,16161705695.0,21977813540.0,Notebook,HP,HP Pavilion Laptop 15-eg0xxx,12.0,Win11,4
9084c7ce52fd4f95a8e4cf4327d7ef28,2615983.0,80245748440.0,106286071400.0,Notebook,Lenovo,Lenovo ThinkBook 15-IIL,16.0,Win11,4
909165dc31d14d33beb756a4213b9781,997735.0,84661275090.0,285694169565.0,Desktop,Unknown,To Be Filled By O.E.M.,16.0,Win11,n/a
913a14fff2f84cc5821325f348003b50,6666872.0,48423305670.0,236440859085.0,Notebook,Dell,Latitude E6530,8.0,Win10,2
91435017a219454f9dd18df988f48f05,2196850.0,238493409685.0,3744884059025.0,Desktop,Unknown,Unknown,4.0,Win10,2
919c5eae541344b19b0cc8c7e22a8332,59292.0,381914870.0,578921060.0,Notebook,HP,HP Pavilion 15 Notebook PC,4.0,Win10,2
91b1b8489bc949aa9bd4e6c7d0188950,3032113.0,3446846455025.0,4101316195840.0,Notebook,Dell,Vostro 3590,8.0,Win10,4
92390ab0f7a9456bbe4997c36756d8a2,3245652.0,676433068665.0,844715197370.0,Notebook,HP,HP EliteBook 850 G7 Notebook PC,8.0,Win11,4
92a1dcf906ab45e2bf04f4d224f576ed,10429428.0,58523847125.0,855338022800.0,Desktop,Lenovo,ThinkCentre M630e,8.0,Win10,4
93b4130b756745f699654e4efa6215cd,191968.0,35225172480.0,97500491345.0,Desktop,Gigabyte,To be filled by O.E.M.,16.0,Win10,4
93b981677af64bfb9f069db733659884,1446022.0,147667072320.0,694520944385.0,Desktop,Gigabyte,Default string,128.0,Win10,10
93c52ee0df344b1ca0dc2241058dc333,679128.0,52910769850.0,124639821130.0,Notebook,Acer,Extensa 2540,6.0,Win10,2
948cf60018fc43ee939faca904e2eb00,2258050.0,23868433085.0,41634336955.0,Desktop,Positivo,Other,4.0,Win10,2
948e72f8155b4ebf98f74fb468c63cc3,62398.0,4412159955.0,12081956450.0,Notebook,HP,HP Pavilion Gaming Laptop 16-a0xxx,16.0,Win10,6
95973b98c0c34a14a107013665e490cd,6701452.0,123690314215.0,186994030600.0,Desktop,Dell,Vostro 3267,4.0,Win10,2
95f8a9946e2e4fc7a72cc7287294b738,880676.0,3703420780925.0,4076416644260.0,Notebook,Lenovo,IdeaPad Y560,16.0,Win10,4
9685ee0ccd7a46bca903817cc1301086,3958063.0,255955742235.0,9271780408805.0,Notebook,Dell,Precision 7540,32.0,Win10,8
969750b3431845ecb96d8dd79f87ec62,132266.0,4311339575.0,6040830500.0,Desktop,Dell,Precision Tower 3620,64.0,Win10,4
969c4e99dc2e465cb67fee6f91973082,5447914.0,650070957080.0,1068753605620.0,Desktop,Asus,System Version,16.0,Win10,4
971c53d6851b42b087d2d0487276757c,865324.0,48175694355.0,107356510510.0,Notebook,HP,HP 250 G6 Notebook PC,8.0,Win10,2
97721ea1360b4cbb9d9b6c6865ade182,1261857.0,246098031475.0,440082304525.0,Notebook,Asus,N550JK,16.0,Win10,4
97d13909e22d46bc9cdf9b856df653a7,2185978.0,242234479010.0,890554385315.0,Notebook,HP,HP ProBook 440 G5,8.0,Win11,4
981d219fa4fd4841b03d48df36c5aabb,565619.0,165462514200.0,206003853100.0,Desktop,HP,HP ProDesk 400 G7 Microtower PC,16.0,Win10,8
9825a671018447fe896dc46efb99cd6a,472384.0,21109842965.0,44530139820.0,Notebook,Acer,TravelMate 5735Z,3.0,Win10,2
988631f59a2a47b1bbe4fa894eeaea34,1139082.0,20872532020.0,42195038365.0,2 in 1,HP,HP Elite Dragonfly,8.0,Win10,4
98ae880e73864e428879dd8229fead3e,13195958.0,923193703355.0,1860716764505.0,Intel NUC/STK,Intel,NUC9i7QNX,32.0,Win11,6
98e6cb59f000492bb9dcbb91478e78e5,2162048.0,87243727820.0,98896839690.0,Desktop,Unknown,To Be Filled By O.E.M.,8.0,Win10,2
991a3151bad44f6a9258bf1fee43fa2d,260885.0,92935782510.0,124352574590.0,Notebook,Dell,XPS 13 9360,8.0,Win10,4
9a477dbcfa5246118277558d0f8c5194,338055.0,66654269420.0,77797632250.0,Notebook,Asus,X540NV,8.0,Win10,4
9a5e3637b5da40ffbfac048751ce1d6c,605532.0,280911728735.0,461713929660.0,Desktop,MSI,MS-7A70,16.0,Win10,4
9a5e50a7de274414b9df63c920f5cb75,6341019.0,2242248401655.0,4778696095385.0,Desktop,"Colorful Technology And Development Co.,LTD",Other,16.0,Win10,8
9a6d7d6eea994cad9578ab212422af9d,3193679.0,1532414902290.0,1838660103420.0,Notebook,Dell,Latitude 7400,16.0,Win11,4
9ac960d9e74747438aca33aba6577fa3,5761840.0,451693048355.0,24067518389110.0,Intel NUC/STK,Intel,NUC10i7FNH,64.0,Win Server,6
9b0f1499bf4e4755a637fad9df3faa86,5713162.0,4412303120780.0,15914327782580.0,Desktop,MSI,MS-7A59,16.0,Win10,4
9b2d097befb8461e89a239308083e6a7,10223493.0,4154238757350.0,6676550503645.0,Notebook,Dell,G3 3590,32.0,Win11,6
9b5fa01fa3ce4184ab721361b2dfd6b2,11424.0,138693555.0,605094355.0,Notebook,Asus,S551LN,6.0,Win10,2
9b7dcba136a44598b6fb1ffccfc2dcc2,4850330.0,451102071990.0,1059047817935.0,Notebook,Dell,Latitude D630,3.0,Win10,2
9c16d3b7ebc84707bf055c8c69e36968,2951674.0,94769584880.0,980982087095.0,Notebook,Fujitsu,LIFEBOOK S936,8.0,Win10,2
9c6727fc71cc498e9633b5e5a8fbf5d9,465328.0,8760858645.0,35041910745.0,Desktop,Unknown,Unknown,8.0,Win10,2
9c808b444f414beb930f9c338e36172d,10410574.0,102605712565.0,2336360377125.0,Desktop,Other,System Product Name,8.0,Win10,6
9cc283373fb64850b55b09f72bca9aa6,1438780.0,75556249320.0,248677481950.0,Desktop,Unknown,To Be Filled By O.E.M.,32.0,Win10,10
9cd1f0f8d2914522806803c5af220a5d,268690.0,28347237240.0,186831507195.0,Notebook,Other,Other,16.0,Win10,2
9d2a17be76184c82b93474ee9b9c64a9,283967.0,87964175010.0,108795293970.0,Desktop,MSI,MS-7C13,16.0,Win11,6
9d62caf1aa684410ab58e62f40b01b1d,10931192.0,58235680965.0,100118096400.0,Desktop,Lenovo,ThinkCentre M900z,8.0,Win10,4
9d80c6eb005f4bf4be7bbc54c6da67ad,1377762.0,1179339752735.0,1540385718230.0,Desktop,Dell,OptiPlex 7010,8.0,Win10,4
9e57cc052b7e467a926977e1ad5b2671,306232.0,100053048045.0,164010424565.0,Desktop,Unknown,Other,16.0,Win10,4
9e6245ec669e409e96464b475d5f79bd,66534.0,9260094110.0,17795019065.0,Notebook,Dell,Precision 7730,16.0,Win10,6
9e9153b8d8534149af5807576583e5a1,526511.0,76019557250.0,210111920265.0,2 in 1,Lenovo,Lenovo YOGA 720-13IKB,8.0,Win10,2
9eb4803fc45d481d8ad14d77b104c425,416628.0,23782859200.0,71109619625.0,Notebook,Lenovo,Other,8.0,Win10,n/a
9f2c27cc9c664d7588327ad48517f3b5,4791946.0,4688476333350.0,6521844196320.0,Notebook,HP,HP Laptop 15-dw1xxx,4.0,Win10,2
9ffa15b6add24cb3b6679d4219529d2c,5556030.0,129479083280.0,1225370246825.0,Desktop,Lenovo,Other,32.0,Win10,8
a0035280178748f0b2590e5ca067ec18,1157304.0,220688815125.0,304636099980.0,Notebook,Dell,Inspiron 7348,16.0,Win10,2
a0a63f91e3144ab39f54181aa90af2a4,761210.0,66233486165.0,128342645505.0,Desktop,Asus,System Version,16.0,Win10,4
a0da3771b4844b04b2fc59d3a3da2684,2126389.0,118788092660.0,142636356990.0,Desktop,Dell,OptiPlex 3040,8.0,Win10,4
a12493fef25b47fbb16b7be4d837b885,1925281.0,165067497535.0,211331209010.0,2 in 1,HP,HP Spectre x360 Convertible 13-ap0xxx,8.0,Win11,4
a13bde89fbeb4843a3cb899cc75741b1,277876.0,44607455115.0,70564254825.0,Desktop,Unknown,Other,16.0,Win10,6
a15a96e1807443eea674f1b113c6f872,2309782.0,3900555365650.0,5164135427965.0,Desktop,Gigabyte,Default string,16.0,Win10,6
a1ae19bf84584fd09d215b0bb98086eb,2139066.0,77481208460.0,635706267645.0,Desktop,Unknown,Other,8.0,Win10,2
a1d3b5328eba420486f1b8b6742a37be,7799738.0,20479757250.0,30073014010.0,Intel NUC/STK,Intel,NUC8i7BEH,8.0,Win10,4
a213aaf71aba4ace9e9eb138c94b8644,11034966.0,3316229973885.0,6448304602840.0,Desktop,MSI,MS-7C82,16.0,Win10,8
a266a646c3384560a04c7a39f64e3810,5641377.0,1367163581540.0,1702059864945.0002,2 in 1,Lenovo,ThinkPad X1 Carbon 7th,8.0,Win10,4
a31fa2be721d457b9e99f8fb63c1fb25,231724.0,126196667140.0,132837772720.0,Notebook,Samsung,900X5T,16.0,Win11,4
a3567dbffb4e47e4a89c148689b74eb6,11670982.0,202504605510.0,285068459775.0,Desktop,Gigabyte,H67MA-USB3-B3,8.0,Win10,2
a44333e21b53434db7e425b80908a2d1,4741084.0,1129934124150.0,9366363876800.0,Desktop,Unknown,Other,64.0,Win10,8
a4687448f6ca40d7906026c3d7ab896f,3661732.0,63055516930.0,1052343159540.0,Desktop,Gigabyte,Default string,32.0,Win Server,4
a4dcb74fbf63481dbb9fd465036b5fe0,5595338.0,138250988100.0,2191640920125.0,Desktop,Lenovo,Lenovo Product,16.0,Win10,4
a533da572ea54fc18a7955d4787b3d06,5337786.0,1587685391695.0,2753762458870.0,Intel NUC/STK,Intel,NUC11PHi7,32.0,Win11,4
a55bdc219a384a0a9ca1d096b36417d4,11329672.0,568456342295.0,2036613747670.0,Intel NUC/STK,Intel,NUC8i5BEHS,8.0,Win11,4
a563126ce5d14f8286c05ca58d5f6eb3,1350960.0,10305867255.0,22198128155.0,Intel NUC/STK,Intel,NUC7i3BNH,4.0,Win10,2
a5691c9ba6fc4e4182786a28d2ebf5ec,5839267.0,60808381185.0,182525472170.0,Intel NUC/STK,Intel,NUC8i3BEH,16.0,Win11,2
a578fff871434a038ef9c89b31d7f652,2951746.0,228773129705.0,717579012060.0,Desktop,MSI,MS-7C88,16.0,Win10,8
a5ce5074a7924a8b931cdc8ba1068f0d,253158.0,31758829870.0,309716402220.0,Notebook,HP,HP ENVY 15 Notebook PC,12.0,Win10,4
a61ebf48475f45d68583bec5cb3a59f4,11260616.0,12134471085.0,13321753065.0,Intel NUC/STK,Intel,NUC11PAHi7,16.0,Win10,4
a66dd92442854719a3e31a1bca5ebbfe,1043902.0,35041191645.0,130911140365.0,Desktop,Samsung,Samsung DeskTop System,8.0,Win10,4
a683c88d5e624e7a98074b98b1620eb8,5106568.0,139124245245.0,152790185800.0,2 in 1,Lenovo,ThinkPad X1 Yoga 3rd,8.0,Win11,4
a698d40770784b2ab5210f85dd64f4ea,2541730.0,82098812600.0,371361278470.0,Desktop,Dell,OptiPlex 7050,24.0,Win10,4
a6a8a70395ca42ad84e7c8a410cf4954,617692.0,725628907290.0,917107689465.0,Desktop,Unknown,Unknown,4.0,Win10,4
a6ad17854459431fa2b84c74db01231a,490145.0,88506901615.0,146572689860.0,Notebook,Lenovo,IdeaPad 3 15IML05,8.0,Win11,4
a6bb6214504a41c3beb1c5aa81b07067,5007616.0,134261021980.0,5557132607780.0,Notebook,Dell,Inspiron 7559,16.0,Win10,4
a6e3b867a43a4fc4a53d6e6678caa605,2865401.0,376185235720.0,495759305725.0,2 in 1,Lenovo,ThinkPad X1 Extreme 2nd,16.0,Win10,6
a770adcb8b014d84af09873d2f012c1e,7440.0,2306997865.0,27476304685.0,2 in 1,Microsoft Corporation,Surface Pro 3,4.0,Win11,2
a778a8aa98c341b7a5c1d55626ac97c9,3295472.0,72382789525.0,992111735880.0,Desktop,Gigabyte,To be filled by O.E.M.,4.0,Win10,4
a7833be5a71e4cdab41dac6c004d5821,11805260.0,21663378855.0,22977778830.0,Notebook,Panasonic Corporation,CFRZ4-2L,4.0,Win10,2
a7baad51057c4899a1dcf71c9fb99fbd,1884712.0,787752904840.0,2221349077740.0,Notebook,Dell,Vostro 3590,16.0,Win11,4
a7dbbad13f6a487d8ce70378f3bb901e,16025698.0,1929261741215.0,1991643191635.0,Desktop,Unknown,To Be Filled By O.E.M.,32.0,Win11,10
a8067bdd38c34de980d41fc8e98b97c2,10912262.0,305804813650.0,369649425825.0,Notebook,Dell,Latitude 5500,16.0,Win10,4
a88b187ebb2b4506924d5e7557bda99d,462777.0,106508380060.0,914403904520.0,Notebook,Dell,Latitude E6420,6.0,Win10,2
a8d166636ed544efa534bba0257fb2ff,1026033.0,216084217340.0,383486041285.0,Notebook,Hasee,GI5CN54,16.0,Win11,4
a9339671cd9643f28a3544b4853fb8ec,5576566.0,146431133050.0,1916057043100.0,Notebook,Unknown,To be filled by O.E.M.,8.0,Win11,2
a99622250e184795ae74c92dd56528f4,3373410.0,135251902350.0,200525622295.0,Desktop,Unknown,Other,8.0,Win10,8
a9c7a587185c47988acb7858aa9522f1,742734.0,252744315450.0,283780856430.0,Notebook,Lenovo,Lenovo ideapad 330-15IKB,8.0,Win10,4
ab58bd5f420e4420bcf529e215b796e0,1393972.0,326625756655.0,968627898125.0,Desktop,MSI,MS-7B85,8.0,Win10,n/a
ab6a267d518b43a9b26fe432a8489d67,884980.0,151562777400.0,174719052140.0,Desktop,Lenovo,ThinkStation P330,32.0,Win10,8
ab80115be587445081a41f947ffc3158,1258881.0,157239153315.0,338940327885.0,Desktop,Gigabyte,To be filled by O.E.M.,16.0,Win11,4
abd92bb833884fef953f93cca0389edc,196938.0,7837278525.000001,13374326255.0,Notebook,NEC,Other,4.0,Win10,n/a
abe3d07267cc43f6aeeda7803e62869f,274712.0,5642685180.0,18233968270.0,Desktop,HP,500-023w,8.0,Win10,2
ac810ec108e445659b1c4b0bb9c637c0,609267.0,57403586575.0,106704193665.0,Notebook,MSI,GF63 Thin 8RCS,8.0,Win11,6
ac98414dbbc74dbb8b44d23540d70647,1395348.0,128086487965.0,618804115015.0,Desktop,Gigabyte,Other,32.0,Win10,4
ad509ad9451f4aeaa6fef479da1f5e56,1229632.0,191202174845.0,327760487920.0,Desktop,MSI,MS-7A72,16.0,Win10,4
ae23eb75d24244d9a7be0969e7858219,4933708.0,12779465564160.0,19821523480760.0,Desktop,Unknown,Other,16.0,Win10,4
ae2ce3d1ff004a789c574cebcaee933f,961822.0,538877111160.0,570171365110.0,Desktop,Unknown,To Be Filled By O.E.M.,8.0,Win10,2
ae94c0643776410bb31e3cdb9445e59a,506584.0,6261854290.0,42079486690.0,Notebook,Hasee,Not Applicable,16.0,Win11,6
ae9e487538ed456f88e1f120cc1697e8,273026.0,36132489965.0,41652218540.0,Notebook,Lenovo,Lenovo ideapad Y700-15ISK,16.0,Win10,4
afc4b7fd593f4ad38b298820210443af,1501274.0,166275438635.0,214387256185.0,2 in 1,Lenovo,Lenovo Yoga C740-14IML,16.0,Win11,4
b00277c748fe48c19c55808990f86d3a,177078.0,14047811735.0,34437693965.0,2 in 1,HP,HP Split 13 x2 PC,4.0,Win10,2
b04cd767eb6e4d5a9e5a025824f5607c,5545297.0,158757989910.0,413687703925.0,Notebook,Lenovo,ThinkPad T14 Gen 1,32.0,Win10,4
b0e0845ee9b9405480ad1f004564afe7,3097480.0,57655646670.0,58423144500.0,2 in 1,HP,HP EliteBook x360 1030 G3,8.0,Win10,4
b17a13f96bff4c23b8d4aefe2a4a8943,9921392.0,1826579141485.0,2132690390470.0,Desktop,Unknown,Unknown,16.0,Win10,2
b1811fb8199241d1bde799d69a004233,2485711.0,1345034232080.0,3188133094720.0,Notebook,HP,HP Pavilion Laptop 15-cs2xxx,8.0,Win11,4
b1bdd4237882475c84dc96512706da51,11690648.0,392827911815.0,818257861870.0,Desktop,Dell,OptiPlex 3050 AIO,8.0,Win10,4
b1e7cdd17b384eddbc68f80fdcc7afe4,5187020.0,16359913805.0,36521836375.0,Desktop,Unknown,To Be Filled By O.E.M.,4.0,Win10,2
b2deef7e4e0c485d8cf27296cbf9a18e,5646032.0,55128326105.0,412204361735.0,Desktop,Gigabyte,Default string,8.0,Win10,2
b40a2ad04ef441f0afb49bec3c948a8e,830074.0,24913781175.0,63148951360.0,Desktop,Asus,System Version,24.0,Win10,4
b4e4201090ea4c04999a8b0086a2e029,8178.0,726236235.0,976363395.0,Desktop,Asus,System Product Name,16.0,Win11,16
b529765ef8b84440a6d7adb5b3ac767a,2359223.0,116654401555.0,1623219324460.0,Desktop,MSI,MS-7A94,32.0,Win10,10
b5835232ab96494a98e89276e3a9f0b6,396162.0,13602977280.0,16338770505.0,Notebook,Dell,G7 7700,16.0,Win10,6
b5bcaa6c4cda45ada3ba62f30d1f7c79,5584394.0,120935528305.0,130876609785.0,Desktop,Lenovo,Other,16.0,Win10,8
b608d5d4848c4b588af3868f0b4a58c3,3361955.0,833267824255.0,1447545591495.0,Notebook,HP,HP Pavilion Notebook,16.0,Win10,4
b69fed1e48a645eebbd977fe930ebbd1,3502982.0,11955301054045.0,17017947581070.0,Desktop,Unknown,Other,16.0,Win10,4
b7100ce8dc734cc590671822eb39f7b6,5884404.0,148470600180.0,3753433720760.0,Desktop,HP,HP ProDesk 600 G1 SFF,10.0,Win10,2
b725d7a95ed04882965997767b7db5fb,508913.0,265182452880.0,355291823625.0,2 in 1,Microsoft Corporation,Surface Book,16.0,Win10,2
b740b83725494b1e965a3aeea0ea2af8,1416954.0,6632936595.0,47390865065.0,Other,Other,Other,4.0,Win11,2
b76077f0feb2403e9224d06a3db4f7e0,185776.0,5407197025.0,7303284445.0,Notebook,Dell,Inspiron 5458,16.0,Win10,2
b7a91d3fee184adb80c5e96d90632bdb,9291409.0,144095603795.0,2336873017405.0,Desktop,Unknown,Unknown,4.0,Win10,2
b82f7c5248eb41c1bdff44d5c759500a,1248522.0,282716379745.0,511466728255.0,Desktop,Asus,System Product Name,16.0,Win10,6
b948dcb0d09548c49d6dd165a539341d,8005026.0,929263812975.0,1301737033525.0,2 in 1,HP,HP Spectre x360 Convertible 13-aw0xxx,8.0,Win10,4
b9e529b00082410cafe305077b0f466e,136364.0,355240182915.0,442131002920.0,Desktop,Unknown,Other,64.0,Win10,8
ba1bbda68a034195a7c593ced8c7003a,4331870.0,215029186005.0,276021824640.0,Desktop,Dell,Vostro 3888,8.0,Win10,6
ba1ff73e8225440d818e0a9438f4f5cd,3389432.0,5065232176835.0,9041576153270.0,Desktop,Other,Other,16.0,Win10,4
ba773db490cc4f89935227e0ed3fbe66,9606434.0,1001482874175.0,3825487580635.0,Desktop,Unknown,To Be Filled By O.E.M.,32.0,Win10,n/a
bbbb15611c424ae39348c59fb2370297,556563.0,25020939350.0,67151676305.0,Notebook,Dell,Latitude 3420,16.0,Win11,4
bc2e59853966429288ef7fa25a84a8a6,959252.0,9218389830.0,19107415280.0,Desktop,Wortmann_AG,Other,8.0,Win10,4
bc875120f153471cab2108170cade62d,760890.0,33295408270.0,78927545440.0,Desktop,Asus,System Product Name,8.0,Win10,4
bcb5b582803042979d1508dd9b08cfeb,11926348.0,221887891360.0,225298317605.0,Desktop,HP,HP ProDesk 400 G6 Desktop Mini PC,16.0,Win11,6
bcd6608bff1c40e0a5c7cc07ebddf00b,1617572.0,335103767055.0,609910885800.0,Desktop,Gigabyte,Default string,16.0,Win10,6
bcda19cc27a445539573e2163dc5ef7b,644234.0,96904848430.0,225896008050.0,2 in 1,HP,HP Spectre x360 Convertible 13-ae0xx,8.0,Win10,4
bd2f4a56d3314651970202f86731caf1,1717934.0,774875032175.0,4691974085195.0,Desktop,Asus,System Product Name,16.0,Win10,6
bd839323d3024e589eb4886df905bb17,3007887.0,398861603800.0,1286458346100.0,Notebook,Lenovo,Lenovo Legion 5 15ARH05H,16.0,Win11,n/a
bd8dc25b19c542c2b4be2fcebed0c06d,413504.0,24273648715.0,176637982285.0,Desktop,Unknown,To Be Filled By O.E.M.,16.0,Win10,4
bd9e234a7da341eeb64eb7c6f69d6a4b,21284.0,3439616970.0,5022887120.0,Desktop,MSI,MS-7996,8.0,Win10,4
be5116eced4447a3833359ba34e36d8d,9089046.0,298789100510.0,3088675887510.0,Desktop,Unknown,To Be Filled By O.E.M.,64.0,Win10,n/a
bea184c951394daa9cd27880902942e4,315888.0,2964880470.0,3280870170.0,Desktop,Asus,ET2700I,8.0,Win11,4
bf40238f24624ab49ff4e750ce17abce,74833.0,13387865125.0,23024938705.0,Notebook,Samsung,750XDA,8.0,Win11,2
c0097fdd64754021b0b4adef81a2bf7f,7219248.0,65794149820.0,70057684375.0,Notebook,Lenovo,ThinkPad E15 Gen 2,16.0,Win10,4
c01c6219c881417bb16f018fc3ed0b3a,9494936.0,170572516315.0,2755993807140.0,Desktop,Other,To Be Filled By O.E.M.,16.0,Win11,8
c0f2def76dd1437eafadfaa2f0a88402,5112526.0,1322284851915.0,1399561742425.0,Desktop,MSI,MS-7C91,16.0,Win11,n/a
c12229bf4581465489c285e71a784e99,3986756.0,106457367730330.0,160323218123600.0,2 in 1,Dell,Latitude 7320,8.0,Win10,4
c12bd85495c4446da0b51075ea0e776f,2119106.0,1051293092195.0,1753768587185.0,Notebook,HP,HP ProBook 4740s,8.0,Win10,2
c1370824146345ef904f94f08310cad5,2607070.0,877020649690.0,1838955931745.0,Desktop,MSI,MS-7D32,32.0,Win11,12
c16390064f4f48408881c7165b5f9f00,1675824.0,71202707620.0,259786097680.0,Notebook,Lenovo,ThinkPad X201s,8.0,Win10,2
c17831e52e574ee098c16816c58b5308,2193428.0,712455874045.0,1213347664620.0,Desktop,Unknown,To Be Filled By O.E.M.,32.0,Win10,10
c18316f660414c29a0e48e22143c0b6e,192260.0,112071559080.0,626871531500.0,Notebook,Lenovo,IdeaPad 3 15IIL05,8.0,Win10,4
c193bd9f283343d192f9a8d4b07d1095,34582.0,159288460.0,214055320.0,Notebook,Asus,VivoBook_ASUSLaptop X509FL_R521FL,8.0,Win10,2
c2bc39ed98bd40f7a3f0846cfa3a566a,2380238.0,2368224500090.0,2694458290830.0,Desktop,HP,Other,8.0,Win10,4
c2c62037cb07438a8449d7e0b274d8a2,151074.0,187322985.0,4010870420.0,Notebook,Acer,TravelMate P2510-M,4.0,Win10,2
c2f9d7f2d3b947a1b6eb279d74bdbf59,11355098.0,56745725930.0,65498532225.0,Intel NUC/STK,Intel,NUC8i7BEH,8.0,Win10,4
c3cf0894fc5c43f585739fae387fdc8c,1236583.0,21663071925.0,198358850185.0,Desktop,Lenovo,ThinkCentre M92p,28.0,Win10,4
c442fb04aa464626b9b518e243ae300e,2192371.0,844442433305.0,1063984270215.0,Notebook,Lenovo,Legion Y7000 2019 PG0,16.0,Win11,6
c45458a18c564f05a494ae3d76a76db4,1963788.0,495656015835.0,546942434755.0,Notebook,Lenovo,Lenovo ideapad 330-15IKB,12.0,Win10,2
c4679fab5bbd46b384fb9dc0be5c6b73,547550.0,64908221905.0,155467443845.0,2 in 1,Microsoft Corporation,Surface Pro,8.0,Win10,2
c470a96068234cdc9b341c307fec3593,41736.0,11672278815.0,32127340885.0,Notebook,MSI,GP62M 7RD,16.0,Win10,4
c4da901aa5244dafbbaa93bedcc9854d,3294787.0,917539801505.0,1328173145165.0,Intel NUC/STK,Intel,NUC11ATKC4,16.0,Win10,4
c53e0b9bcc974f4b9431425eeb5e5bc1,934500.0,1191318460990.0,2265805297495.0,Desktop,MSI,MS-7B23,16.0,Win10,6
c63dfded93b94661998a07f9cf19b4a1,1584258.0,3615619344800.0,4097761488320.0,2 in 1,Lenovo,ThinkPad X1 Extreme 2nd,32.0,Win11,6
c65c4adb2fe146398d7d2a35acd2bed6,11354815.0,124452096170.0,144948784255.0,Intel NUC/STK,Intel,NUC8i5BEH,16.0,Win10,4
c7d88355730f441ebbc9b1302b6bde8e,5870.0,751599460.0,4550736335.0,Notebook,Asus,K45VM,8.0,Win10,2
c87f6d25a20d44b4b1e90ba3bea6527e,1290365.0,19174266120.0,22298079570.000004,Intel NUC/STK,Intel,NUC11PAHi5,16.0,Win10,4
c88434e95e6b4f27970da3fba18fde0d,5645074.0,48758402195.0,151156461065.0,Desktop,Unknown,Unknown,4.0,Win10,2
c9353746ea764199ac4b95f18fe405fe,12414.0,52954200.0,1340980755.0,Intel NUC/STK,Intel,NUC7CJYHN,8.0,Win10,2
c93f1702bc9e47859cfe7778424d0459,2621586.0,278490319390.0,2411966913020.0,Intel NUC/STK,Intel,NUC10i5FNH,32.0,Win10,4
c94d1c2f7d2f44b29f46003593a7949d,1007814.0,141870569390.0,846277006530.0,Desktop,Dell,OptiPlex 3090,8.0,Win10,4
c9e20a8cea2341689b92a7155ea3a0b1,1495076.0,501926875395.0,532402758180.0,Desktop,Gigabyte,Default string,16.0,Win10,6
ca474ddb9e4b40058168ce803cc8b6d1,1113860.0,132766019025.0,315697331115.0,Notebook,Dell,Inspiron 3501,8.0,Win11,2
ca89b0d6691e4a53baee344aea16b676,1178686.0,20471222894635.0,21540903373960.0,Desktop,MSI,MS-7A37,16.0,Win10,n/a
cacf45a99f4042af9912ab8c16dae676,1755905.0,372696312630.0,1867567963565.0,Notebook,HP,HP Pavilion Gaming Laptop 15-dk0xxx,32.0,Win11,4
cad84671748d4d53a4c784d921c20f59,5724886.0,227058354545.0,1776942070750.0,Server/WS,HP,ProLiant DL380 Gen9,64.0,Win Server,4
cae8ee3c54554a84b92c4d0f5f6f3336,69162.0,647955950.0,51817874535.0,Intel NUC/STK,Intel,NUC8i7BEH,8.0,Win10,4
cb22f2b980d8435d9ce39db0693cd3d3,9326990.0,68075329175.0,84487698340.0,Desktop,Unknown,Unknown,16.0,Win10,2
cb6945c2d4ab4d009c3f052bcbb3d201,782552.0,40587933230.0,111463675065.0,Notebook,Samsung,700Z3A/700Z4A/700Z5A/700Z5B,8.0,Win10,4
cc13579125f248f7a6c55a1c744fc518,277026.0,9579101885.0,11281699680.0,Notebook,Razer,Blade 15 Base Model (Mid 2021) - RZ09-0410,32.0,Win11,8
cc35a6e5d1114b4e965ecba47d4ef199,2411233.0,147969461715.0,1119743418295.0,2 in 1,Microsoft Corporation,Surface Pro 6,8.0,Win11,4
cc716b86cfe14a57a1b2aa5870e60462,8644.0,4694537485.0,30865290900.0,Desktop,Biostar,H81MHV3,16.0,Win10,4
cc8f44e777d84f129eb8dc77a924db87,5029146.0,1791989650750.0,2435306987375.0,Desktop,Other,System Product Name,32.0,Win10,4
cd03ab21ffb544f8a646525f46e85801,6088.0,155417890.0,205369910.0,Desktop,Dell,OptiPlex 9010,6.0,Win10,2
cddae7b855644d46b6bb7d734423d88b,10477194.0,241026996265.0,365569132210.0,Notebook,HP,HP ZBook 15,24.0,Win10,4
cdfa81ee224f4ec0b92d56c3444d56a1,4615018.0,1163296630620.0,1815906165280.0,Notebook,Asus,ROG Zephyrus G14 GA401IU_GA401IU,8.0,Win10,n/a
cdfba67878d24860b28de50c1a5a1515,547553.0,50205079815.0,167136825125.0,Notebook,Other,Prime Series,16.0,Win10,4
ce5abbb7249848ebbbbbdb241525363f,4813489.0,213304223905.0,644332983740.0,Notebook,Mouse Computer,Not Applicable,8.0,Win11,4
ce8d40e566694018b8aacbdeda7f1607,14666416.0,342302102360.0,884000793020.0,Desktop,Unknown,Unknown,32.0,Win Server,4
ce8e2dd6385041a99e88db32a6fd419f,11311986.0,953350618130.0,1419677999895.0,Desktop,Biostar,H410MH,16.0,Win Server,4
ce969e2b1c684c8e9c475e1c3cfa4d50,16908.0,1281803020.0,1737850045.0,Notebook,Lenovo,ThinkPad T15 Gen 2i,32.0,Win11,4
cf222d187bc04668b5839fc2df898d14,668564.0,41418261320.0,129506633310.0,Desktop,Dell,Precision Tower 5810,16.0,Win10,4
cf4905c66fe941789569abc106d2044c,3940908.0,21584525000.0,28408673070.0,Desktop,Microsoft Corporation,Hyper-V UEFI Release v4.1,16.0,Win10,n/a
cf70049b575b42bdbe54bb48276f9f8c,602424.0,137177365985.0,364586835755.0,Notebook,Other,TULPAR T7 V25.1,16.0,Win11,8
cfbb3b4a984b4f629d9273f1a1d261fd,1279764.0,104096334900.0,297787046505.0,Notebook,Dell,Latitude 3520,16.0,Win11,4
d00ea31e20c043839076de33eb5dcad9,127008.0,35661463755.0,51255483295.0,Notebook,Asus,X550CL,6.0,Win10,2
d0489501b7f64396962fdd792f21938f,3031438.0,486740189085.0,1725022069555.0,Notebook,Lenovo,Lenovo ideapad 700-15ISK,16.0,Win10,4
d0539e8149e34ce29b14557c721670b3,1992014.0,115683401025.0,184293822350.0,Notebook,HP,HP ProBook 430 G4,8.0,Win10,2
d085db55d3d84502bf498e93c617810a,1580640.0,55124669390.0,84371180265.0,2 in 1,Fujitsu,LIFEBOOK T938,16.0,Win10,4
d14bcdf20d2b429b8f048cfcfce5e467,5688.0,335800585.0,2366070530.0,Notebook,Asus,ASUS TUF Gaming F15 FX506HM_FX506HM,32.0,Win11,6
d1f3746c5ec544ed9abbd5a6d5222b75,3517269.0,129121056705.0,650423374030.0,Notebook,HP,HP ProBook 450 G2,8.0,Win10,2
d3e84f800a884aa791a5a2e1f5238e9d,5257076.0,66140039215.0,72411589185.0,Desktop,Dell,OptiPlex 790,8.0,Win Server,2
d3ebca1754974c458a9eacbc5c54c7c0,17343829.0,419607190585.0,1509795892150.0,Desktop,Unknown,Other,32.0,Win10,6
d4446babc36c4794b9a77c7822573933,3671122.0,1043675262430.0,1092705284600.0,Notebook,Hasee,NH5x_NH7x_HHx_HJx_HKx,16.0,Win11,6
d4bad78e9ba14c668f43c97a5a149363,16490.0,363744740.0,439986635.0,Notebook,Lenovo,Lenovo IdeaPad S145-15IWL,4.0,Win10,2
d4d87f0bc9e7410bb2b3652fd8e8b39a,719554.0,1154087494095.0,1599483896215.0,Desktop,Gigabyte,To be filled by O.E.M.,16.0,Win11,4
d4e16aeeee67468bafc141cc900dbe70,199973.0,1057388665.0,1850229395.0,Desktop,Unknown,To be filled by O.E.M.,4.0,Win10,4
d4eaaac7ad8a4febb80a5f12f1cc6a17,11807880.0,24180129724175.0,33337167451235.0,Intel NUC/STK,Intel,NUC10i5FNH,16.0,Win10,4
d5154a7c493d4cc8bd184341990cfb7e,207543.0,51240035330.0,55154901870.0,Notebook,Other,Wacom MobileStudio Pro 13,16.0,Win10,2
d5492fb947e3466395028937028e3598,157032.0,23645562040.0,33581332720.0,Desktop,Asus,System Product Name,16.0,Win10,12
d61a3c5f08f74efd898e25656d177388,11057312.0,696997811960.0,1074784064990.0,Desktop,Dell,G5 5000,64.0,Win11,10
d62472b4bcd044028955b44779b3ce66,2561322.0,372336680015.0,1128080862370.0,Notebook,Acer,Aspire A515-55,8.0,Win11,4
d634b165e59e4de1ba764e2558f7e3b2,4356532.0,75931639250.0,440194415380.0,Desktop,Dell,Inspiron 3464 AIO,12.0,Win10,2
d65cf7e814b744079cbad42be025567a,319922.0,129107071199.99998,231846205225.0,Notebook,Lenovo,Lenovo ideapad 320-15IKB,8.0,Win10,2
d6632c575b6444dbbbea16ac89b3956e,1933724.0,249771774550.0,400419129465.0,Desktop,Dell,ChengMing 3991,8.0,Win10,4
d68f788ddad7439890b9de8582296308,274316.0,322382508255.0,509561441770.0,Notebook,MSI,GF75 Thin 10SCSR,16.0,Win10,4
d6c311e829e448e180e2b474744caa98,2187905.0,87644726915.0,165265698295.0,2 in 1,Dell,Inspiron 7586,16.0,Win11,4
d7c824195dd94a90b93c74816f30c839,1488450.0,18661623395.0,22571735210.0,Desktop,Other,DH110,16.0,Win10,2
d7ca273a40f54abd8678d2c7a0735995,11014666.0,919668229115.0,1628398177005.0,Desktop,MSI,MS-7D05,64.0,Win11,8
d8219297977b4a8a9a30055efd2c0cc3,447523.0,50282993345.0,228804132620.0,Notebook,HP,HP EliteBook 840 G1,12.0,Win10,2
d830e6bb59874b0f940baa158155d312,12116700.0,103343744520.0,295357176525.0,Intel NUC/STK,Intel,NUC10i7FNH,16.0,Win10,6
d854346776674d3ebbb1bc1c1396b67b,3225858.0,109375375920.0,153501325300.0,Desktop,Unknown,Other,8.0,Win10,4
d8b8087e74d548298a1ff2444b291ad8,3218.0,284632420.0,1366731190.0,Notebook,LG,Other,4.0,Win10,2
d8db8f4370694ff7bd06b877888c259c,584650.0,185353171140.0,568891146230.0,Notebook,LG,Other,8.0,Win10,4
d9261675cb31404891bbaee1198bc1ce,197910.0,74890609410.0,83439454780.0,Notebook,Acer,Aspire VN7-791,16.0,Win10,4
d94f6b5ace2545ec9d968872bbcf362b,5445887.0,4907952885245.0,6467858306410.0,Notebook,HP,OMEN by HP Laptop 15-dc0xxx,16.0,Win10,4
d97768c9a3fa4c7d9400522dc68a941d,7344.0,17101973860.0,34146551330.0,Desktop,Unknown,Unknown,32.0,Win10,2
d99935b317f14e84b861447ba5fded8b,14674.0,2382605315.0,5741798365.0,Desktop,Gigabyte,To be filled by O.E.M.,16.0,Win10,4
d999dba0f41d4063b3d1b22633d888e7,3765956.0,62247545440.0,231078006345.0,Desktop,Acer,Aspire XC-780,8.0,Win10,4
da1652d52eb64f0ab71c05ebdfe26f02,738402.0,36894053180.0,451099348535.0,Notebook,Samsung,370E5L/371B5L,16.0,Win10,4
da2637876fb14ea185b30131318fe4b1,1951980.0,192068824895.0,273062837485.0,Notebook,Lenovo,Other,16.0,Win11,12
da8d722aebba425a852a2d21f1584f2e,65328.0,234791978770.0,413987120605.0,Notebook,Lenovo,IdeaPad 3 14IIL05,8.0,Win10,4
db2c5ebaa62a42879969df9fd0862486,4122166.0,407638237040.0,1023069286215.0,Desktop,Asus,System Product Name,16.0,Win10,6
db624254318943ad8a156614d7026f1b,10720002.0,583698115545.0,653030620220.0,Intel NUC/STK,Intel,NUC8i7HNK,16.0,Win10,4
db94be8c00a34774aa812c25f0109512,322108.0,225545792625.0,232044208705.0,Notebook,HP,HP Laptop 14s-dr2xxx,8.0,Win10,4
dbbce8111b8e4b6e86c11e4d40ea37a2,511740.0,143164584995.0,1285445735935.0,Desktop,Asus,System Version,16.0,Win10,4
dc013d1f784643118d67f24c347eb556,1803294.0,414130330245.0,459281376710.0,Notebook,Lenovo,Legion Y7000 2019 PG0,8.0,Win11,4
dc072ed4b1c14fafbb05b311bbeacfd3,17308.0,672132520.0,924131500.0,Intel NUC/STK,Intel,NUC7i3DNHE,4.0,Win10,2
dc16035ea1c34cd2a17cd02c3702d6b3,9468588.0,80278607835.0,141112546000.0,Notebook,Samsung,550XCJ/550XCR,8.0,Win10,4
dc4bb026281e4e34926727216de289f5,1579888.0,206490833025.0,476679448775.0,Notebook,Acer,Nitro AN515-55,16.0,Win11,4
dc9d484d039d4770885216096cd5d60b,4932766.0,41581171060.0,119454025220.0,Desktop,Dell,Precision T1500,16.0,Win10,2
dce4667a52f146669e4f7f8696d1bbfa,1526140.0,122962825715.0,136777352875.0,Notebook,HP,HP EliteBook 840 G5,8.0,Win10,4
dd4333bcc14946d18f435d75302f90ff,348247.0,34127360040.0,45938472995.0,Notebook,Acer,Aspire A311-31,4.0,Win11,2
de5cae5139d2475e9cb609ecaca60e3d,1704348.0,289305314060.0,535240497420.0,Desktop,Unknown,Other,32.0,Win10,8
debe47a196bb4996aa08c346e070ff4f,1470684.0,494519950060.0,495290438820.0,Desktop,Unknown,Other,48.0,Win10,4
dee918d1f2cf4a049521fadaa17666f8,202705.0,47613822845.0,90148294624.99998,2 in 1,Other,To be filled by O.E.M.,8.0,Win11,4
df7211440f0445148c5de681c02e043a,1445126.0,509391979790.0,892082530420.0,Desktop,MSI,MS-7C89,8.0,Win10,6
df839609185948c7b52cb25907154029,5797084.0,142644495245.0,244453492135.0,Desktop,Other,System Version,16.0,Win10,6
dfb1d5d86b1344deb273dc540c70c5a5,3577092.0,2028301491800.0,2616061225860.0,Desktop,Gigabyte,Default string,16.0,Win10,10
e07770b90e2746f4b4757d9438de2799,2935984.0,200538894180.0,395598709140.0,Desktop,HP,HP ProOne 600 G1 AiO,4.0,Win10,4
e07ddb9fee2e40af90075f52b676e3fe,4029394.0,393532794060.0,2073836374705.0,Desktop,Gigabyte,To be filled by O.E.M.,32.0,Win10,n/a
e08203d02a234b9f98b00d35974c8d54,326642.0,67408433610.0,180862332795.0,Notebook,HP,HP Laptop 17-by4xxx,8.0,Win11,4
e17cbc3193c141cc95631320ef1cb25e,55480.0,5528010485.0,7347727435.0,Notebook,Asus,ASUS TUF Dash F15 FX516PM_FX516PM,16.0,Win11,4
e2988b6da2f0456c831a6af5f56ee87c,1013128.0,5587530408405.0,9526653103695.0,Desktop,Unknown,Other,16.0,Win10,6
e2afd32bb38e4099bcad5055edb5f1c4,2201939.0,138940580265.0,374727721940.0,Notebook,HP,HP EliteBook 840 G7 Notebook PC,16.0,Win10,4
e3478573b3264456b1d331b014a2cea3,4947667.0,3569731340890.0,5594713862635.0,Desktop,Asus,System Product Name,48.0,Win11,16
e3980a11437b4eb5b74e730ee08f618f,3264236.0,187562168095.0,781588027130.0,Desktop,Dell,PowerEdge T20,4.0,Win10,2
e43da8cc01804792a52d334cc5aa28d1,3179780.0,214569888640.0,524304394005.0,Desktop,Asus,System Version,16.0,Win10,4
e482de0786d24757a3bf8ff04c244106,672750.0,992656704105.0,4245483792630.0,Intel NUC/STK,Intel,NUC7i5BNK,16.0,Win11,2
e57a41c6d8084c01bca3e7de0ebc7133,3601920.0,902050457560.0,1363059869240.0,Desktop,Unknown,Other,16.0,Win10,8
e633d64b244a4d84a170d38553f23a72,2332309.0,604876074665.0,977775851355.0,Desktop,Gigabyte,Default string,16.0,Win10,8
e647eda7085849e9844963b4dbb038d1,2029694.0,183160947320.0,825586418830.0,2 in 1,Microsoft Corporation,Surface Book,16.0,Win10,2
e751f643465d40b6b1630bf301c8c378,4294858.0,687737730185.0,1639834755830.0,Server/WS,Wortmann_AG,TERRA_SERVER,32.0,Win Server,4
e77d2469cf2e4406bbbae07c95a5abc7,59458.0,24614431860.0,64488230280.0,Notebook,Samsung,700G7C,16.0,Win10,4
e799e1749ad64cda96ea405927b1da31,9628446.0,19372538997740.0,27463961726535.0,Desktop,MSI,MS-7D07,32.0,Win10,8
e7e7349b77774e61b02a237650aeb42e,8734886.0,351633194010.0,1026867514565.0,Intel NUC/STK,Intel,NUC7i7BNH,16.0,Win10,2
e7f89db3053849398c2d3637a5bdf8c1,44136.0,15860150830.0,26106774900.0,Desktop,Gigabyte,To be filled by O.E.M.,8.0,Win10,4
e81d9dda9f2840309516efcf14e703b6,2984884.0,212429730195.0,218933732390.0,Desktop,Samsung,PMHSB09B Samsung DeskTop,16.0,Win10,4
e8336bac2b704524a0882d144f0ab034,67473.0,798698765.0,3438036365.0,Intel NUC/STK,Intel,NUC8i5BEHS,16.0,Win10,4
e908e1133f544edab831bf160b22c9e7,2145749.0,382802432855.0,979343891385.0,Desktop,Gigabyte,B560M GAMING HD,16.0,Win11,8
e959a63d71a9426ea52ac00107c89e3b,243476.0,10603825505.0,16430148225.0,Desktop,Gigabyte,Default string,32.0,Win10,2
e991ba86b57140a4878b2f7471913945,26536.0,2511761220.0,2981122855.0,Desktop,HP,HP EliteDesk 800 G2 SFF,8.0,Win10,4
eb74b73c8e704d6fb7d95827ac6cd0f5,1702186.0,1399807140180.0,1542411839150.0,Desktop,Fujitsu,Other,8.0,Win10,2
ebfbee8e3f61475aae102b92379c4712,5704794.0,22161574392100.0,36254689757625.0,Desktop,Unknown,Other,16.0,Win10,8
ec9ebc74b57c4e43835af14c219cd7ae,5638092.0,27773563465.0,217023772470.0,Desktop,HP,HP Compaq 6000 Pro SFF PC,8.0,Win10,4
ece93441c4404e0d990632eba7ea6559,5775348.0,252179620810.0,386862395620.0,Desktop,Unknown,Other,16.0,Win10,6
ecf9c6d0d1cb43908b06140933edc988,5634779.0,367789716715.0,893571842815.0,Notebook,Asus,TUF Gaming FX505DV_FX505DV,12.0,Win11,n/a
ed27170e880a46019a4b31b13d57b753,328518.0,6045277275.0,29251407250.0,Notebook,Panasonic Corporation,CFSV9-2,16.0,Win10,6
ed7d5e7076764efb883d80b6c2b7e337,14348.0,563901230.0,669868800.0,Notebook,Gigabyte,Other,4.0,Win10,2
ed913d1ca1fd4552ad1bb929f488274f,1179939.0,58323525555.0,105183964170.0,Notebook,Dell,Latitude 5400,16.0,Win10,4
ed994913001b4daf8fde20419fc28769,1296764.0,509187371540.0,555553409560.0,Notebook,MSI,GF63 Thin 10SC,32.0,Win10,6
eda2197bf57e4e49a2088a2ea3e7215f,401276.0,4757310990.0,6631472940.0,Notebook,Lenovo,Lenovo IdeaPad L340-15IWL,16.0,Win10,4
ee7fddfdecb041abb9abc5669e7e108e,5385328.0,1203285959955.0,1575274339560.0,Desktop,Dell,Precision T1700,32.0,Win10,4
eed2b237c97d42738909505306d9c523,585122.0,716074144585.0,1754851739060.0,Desktop,Unknown,To be filled by O.E.M.,16.0,Win10,8
ef370757031642db954da8639dc0dcfc,11709832.0,925508744445.0,1448890656820.0,Notebook,HP,HP Spectre 13 Ultrabook,8.0,Win10,2
ef68ab69625f4ffc94946343917ce9d2,1287038.0,107170134510.0,378672206245.0,Desktop,Lenovo,IdeaCentre AIO 3 24IMB05,8.0,Win11,6
f0053ffd145a4ac18a36b7396ec4d11c,1053580.0,396676680435.0,524661384940.0,Server/WS,Supermicro,Super Server,32.0,Win Server,8
f00e89abbe6e4c18b660f7599853a37d,1415156.0,52359128480.0,81252908010.0,Notebook,Dell,Latitude 3410,16.0,Win10,4
f011c7f5ed664328b6b128cbadbc1bbc,353824.0,355248796000.0,422675311130.0,Notebook,Dell,Inspiron 15 7000 Gaming,16.0,Win10,4
f05eb9056b914435931969574b907e5e,19806.0,5345969330.0,8947940480.0,Notebook,HP,HP Laptop 15s-fr2xxx,8.0,Win11,4
f0606959dcbb4bf88b2dacc059439062,817576.0,19458597905.0,77078306150.0,Notebook,MSI,GS63VR 7RF,16.0,Win10,4
f13f2fbbcf5e4645a2f1b2c154511f20,75714.0,3139085270.0,29767054320.0,Desktop,Unknown,Other,32.0,Win10,4
f14be320831142368f600ace112ae37b,1016412.0,163686854160.0,3198157438710.0,Notebook,Dell,Latitude E7470,16.0,Win10,2
f14e232f4f7c48d3b9bfdc205b67d77e,163210.0,37015470535.0,94648687795.0,Notebook,LG,Other,16.0,Win10,4
f1861ce4a0d04dcc932b39fd2d054267,1690134.0,37545515610.0,59363955685.0,Desktop,Unknown,Other,8.0,Win10,4
f1afbe4c864c44508779c6e627e8a37e,54720.0,39939605.0,66433970.0,Desktop,Gigabyte,X299X DESIGNARE 10G,64.0,Win10,18
f1dfa1599d454857af692cc253fa21e5,2524014.0,14049575930.0,16509176115.0,Desktop,HP,ProLiant MicroServer Gen8,16.0,Win Server,4
f1f5c6bac7c7417998cd7c5c2e3f7151,144840.0,304672035700.0,337189239565.0,Desktop,Acer,Other,8.0,Win11,2
f238de10dc374f2488f122e807fdf07d,240628.0,31914782465.0,302799553665.0,Notebook,Fujitsu,FMVNA4NE,8.0,Win10,2
f29dd865f3f34b09bbeff63c7df10fcc,906700.0,941571077705.0,1247222605450.0,Desktop,Unknown,Other,16.0,Win10,4
f2c7ce8019fd41afbebaa7797c4d838e,702382.0,160358068835.0,247262513910.0,Desktop,Asus,System Product Name,16.0,Win10,8
f2ff7445fce34072a6d7c7b41ef1209e,4695123.0,62499147210.0,192028495080.0,Notebook,Panasonic Corporation,FZ55-1,16.0,Win10,4
f430b18953594b67bb3eb6efa1518347,127424.0,4302390530.0,5036264245.0,Notebook,Dell,Inspiron N5050,4.0,Win10,2
f440c26d2f15424b83ff45ae9e911696,1359714.0,99398957335.0,710948860895.0,Desktop,Dell,Vostro 270s,8.0,Win10,4
f48fdbeee8c84bc29767f3f2e0809da6,363984.0,28057252260.0,46721814015.0,Desktop,Asus,Other,8.0,Win10,6
f4a27766fa484ba6872fccb0beaed1dd,4146622.0,30709062770.0,54932419625.0,Desktop,Dell,OptiPlex 7040,8.0,Win10,4
f4b0a6d897a049308b171415e5fbf81b,4683389.0,4344096341620.0,7297606353810.0,Desktop,Other,Other,16.0,Win11,6
f5c6a2160be14b3f8c5bcc350f1f9385,3175788.0,239375653320.0,2124638649850.0,Intel NUC/STK,Intel,NUC7i5DNHE,16.0,Win10,2
f662e6200799440b859c6a9b9ad678ee,1380515.0,70932569965.0,1048243320825.0001,Desktop,Unknown,Other,16.0,Win10,6
f6a8925365c94412b43a9ffd35e098ec,1743928.0,170701927925.0,517859604755.0,Notebook,Lenovo,Lenovo Legion Y7000,16.0,Win11,4
f7701c6a195142f6ab0f171a9a468bc2,5643298.0,1201294207945.0,2320270698445.0,Desktop,Unknown,Other,32.0,Win10,4
f7d619cde3dc4b5f8f1b18318f1a111e,2713786.0,57643995890.0,82296179275.0,Intel NUC/STK,Intel,NUC8i3BEH,16.0,Win10,2
f7dcc49b440b4501b08aff33cc8e4360,551744.0,2242771260.0,2341711910.0,Other,Other,HVM domU,2.0,Win Server,18
f7df4f732a504b0a950914b8ca0db26a,49424.0,15730458585.0,175937235560.0,Notebook,Dell,Inspiron 5379,32.0,Win11,4
f8ecfc4544144bbebe5f5f19d947c18b,5640102.0,354774778580.0,464060319625.0,Desktop,Other,Other,16.0,Win10,6
f96259df3b744c45ba4bcc4f1d5b5c6f,1367720.0,17540882475.0,22072705270.0,Intel NUC/STK,Intel,NUC8i7HNK,16.0,Win10,4
f9c7936ef0804e5dbd5cd6cdff87b6be,781008.0,132897086000.0,176484575445.0,Notebook,HP,HP Laptop 17-by3xxx,8.0,Win11,4
fa4bf1bdf6884a6bbb3e8cfbd4a387ce,330896.0,34459193160.0,43203488335.0,Desktop,HP,HP EliteDesk 800 G4 TWR,16.0,Win10,6
